https://displaycatalog.mp.microsoft.com/v7.0/products?bigIds=BT07CDVG6Z9G,BNWBBMNNBBN2,C4Z7QM8FSXM2,9P4TCKR37TLZ,BRVM8RNWLXH1,C0GMW8QH429T,C4XB8HD7BZG5,9N863WLSHZGV,9NPP17LHJ3MK,C2HCDG7L1469,BNQSZ6ZS57B0,C0W8DRKPV6P4,9P4SH7HLMLFS,9NS3673HVH41,BQRB60PW2SDL,BNVMW9KWTJH0,C3D891Z6TNQM,BXWJNW4170RM,BVH2R2SBWL51,BZF309Q32MDT&market=BR&languages=pt-br&MS-CV=DGU1mcuYo0WMMp+F.1
https://displaycatalog.mp.microsoft.com/v7.0/products?bigIds=BT21JH17GCVC,BPRPQSKXTD1L,C3LW50BQJ878,9NSHNMCM0JR8,9PBN02CTMRTH,9N41GPSBQH42,9P3C1LZ601P8,9N18KNMWWFMZ,9NRFDW1KLM6S,9NBFGKQLMV33,BVGH0BLWLR52,9P6F6TBGGVK3,BQ9RPND47T2F,BX7SDTW00ZRS,C1WMQR16L9GC,C4VFVZGF3480,C0KJ40T9QD86,BWKLFHWT7DHC,9NK5QLGGGBPC,9NFT6MRTH9KV&market=BR&languages=pt-br&MS-CV=DGU1mcuYo0WMMp+F.1
https://displaycatalog.mp.microsoft.com/v7.0/products?bigIds=BT5X0XGCWGD6,C0QVR372HZ91,C27XPR5XDMFT,9N3L5FF8M6SW,BQXVSGCX6K8W,BRKMHZX1RCF2,BVL0GLLKHZ6H,BZFK7WNK7R4M,BQ2F1LGNL6M1,BRGLM9V090GW,9MZ0SR207MG8,C4H36B87SVL1,C2MTG1SB3S11,C0CB2CVZVSNR,BPD060GWC3T0,C2KJR9VG1L97,BTTMHZ66L2FQ,BNQCGR7BX08D,C2MP3X67VWNV,BNBLC4ZGFNKB&market=BR&languages=pt-br&MS-CV=DGU1mcuYo0WMMp+F.1
https://displaycatalog.mp.microsoft.com/v7.0/products?bigIds=BTNQR63WQV3G,BP4TTT81TPPK,BTMS1PXLQ6P6,C4B39136C8KR,BQN4N3CGBV1N,C1B77BPDGKZ4,C17DJVSST02N,BVWRSNPHKW8Q,BVCVS12P1H14,C2M8HBNVPT1T,BXZSX21X0S7X,C41N44F9BZHT,C07J3ZJPGX6Z,BPKDQSSFQ9WV,BRH7S5QHZ0Q8,BS68QN8SV1BN,C1365LM1Q2DK,C3QDH0Z7DV31,C43H00X6KZRJ,9PML6GRKCQ00&market=BR&languages=pt-br&MS-CV=DGU1mcuYo0WMMp+F.1
https://displaycatalog.mp.microsoft.com/v7.0/products?bigIds=BV9CWVQWNS4P,9MX1ZZ46W88X,C11HCJPQFHH7,9PL75HZNHP4Q,9P3GFH1DX3CK,9NVPM74DD797,9MW61SW6H24J,BZ3CVPFPDSHK,9NZZVB747LN4,C4RR6ST0P1X7,9P9WMJ1295TJ,C2KDNLT2H7DM,BPRC68M9R1JZ,C1FJZ2L207F1,BVN7QFPDX1CF,BX3FLX00BGV2,BQSCNS1T8PHQ,C3NHWKLR94M9,C1LD4244XCNJ,C4QZ3K528LBQ&market=BR&languages=pt-br&MS-CV=DGU1mcuYo0WMMp+F.1
https://displaycatalog.mp.microsoft.com/v7.0/products?bigIds=BVTKN6CQ8W5F,9N26TKM4N4J1,C2HQVXVVLMKG,C2DCJ95ZXBMS,C4R4RB3SB1NN,BP6V6QZBMFP0,BZQZ3LPZB5MQ,BXZXM945LV54,BQZ10L79X0FP,C26NJ29TKZ1W,BVXMRFGQP17J,C5FNHQSQMSL6,BZX8LHQFCCRH,BXC7CS90NX6S,BV26R4HMV7D3,BVWWJSGC7789,BWSQ6832LWNL,BZKS084ZSXJ4,BS5RXLL3WQ2J,9NB65S6LFZRT&market=BR&languages=pt-br&MS-CV=DGU1mcuYo0WMMp+F.1
https://displaycatalog.mp.microsoft.com/v7.0/products?bigIds=BWMH951M3G3P,9MXSDJXFZQ25,C2SJKSQW03VG,BPG82PZ92FL0,BV2ZVP7PJZWL,BW8JQLJ2GDT8,9PGSCB1X2P7G,BSLGLG8P9T01,BX4J85JZNGXQ,BPX2DBJS60SQ,BSS43MTLGFQR,BR1JD76JZ6H5,C4MFC7S8RSBF,C2FCHJG6RNPR,C50KFXWMQSFW,C0ZGJTXHK3P7,BVC44J7FF2QB,BQW8J8XM62JW,9PFKHJH25TFF,9NQW61WN3NF1&market=BR&languages=pt-br&MS-CV=DGU1mcuYo0WMMp+F.1
https://displaycatalog.mp.microsoft.com/v7.0/products?bigIds=BWNQM65KQK6H,9N51S9QZMSB6,9N833N5FFF9P,9N1C74G2JXHM,9NKFWVBDLC2W,BRZZLBF5T245,9PBHXGWZTS2N,BPBM245RV0N9,C3HH84MVXD11,9PJRSMJ5PSD1,9NQZF3S02FGF,9NXVC0482QS5,9N7N7XG4ZJFL,9MXND4PQLK3W,BT259H6M8L07,BNNMLWZRNQF6,BRKX5CRMRTC2,BQG162F04T2L,BNVMH8NVCRCT,9NNV4Z82MBMH&market=BR&languages=pt-br&MS-CV=DGU1mcuYo0WMMp+F.1
https://displaycatalog.mp.microsoft.com/v7.0/products?bigIds=BWP0Q27QDNWQ,BPV56ZX2B8PJ,BNMRPFLB3PQW,BXBM72LSWFJ0,BQK0CKSDMTP4,BR76VBTV0NK0,C24SVX28PNWM,C1ZCZ85JMT3R,BNWM9F3C08B6,BZVPNM21TCJC,9NZV89BQ8ZWX,C42KCJCLX6MX,C3HQKX3B35PD,C2S06Z61NJ9J,C45KV8Q992HV,BTJN2TF71BR0,BQWGBMCKRMSQ,C1ZSX0Z50VW2,C3K10N1VQTNB,C363Q6CVHJ7X&market=BR&languages=pt-br&MS-CV=DGU1mcuYo0WMMp+F.1
https://displaycatalog.mp.microsoft.com/v7.0/products?bigIds=BWZ8BZ85X5HK,9MT364N9QK38,9PDGC1Z6ZHTP,9N27DBP8GNNB,9NZ5QW71X49G,9PGSC3PW4N8Z,9NCG3X89KRLD,9NFZ65KKJ10X,9NRDVCW02JD7,9PCCFDH6LMQJ,9N9606CC950J,9N6PB00DXQ7H,9PJ6C03ZLLQV,9N4K8K2ZGF1L,BW85KQB8Q31M,C596FKDKMQN7,C083G6BGJ334,9P6W2Q41BB8V,9N673ZL1TCS7,BNCZHKWRZ7BR&market=BR&languages=pt-br&MS-CV=DGU1mcuYo0WMMp+F.1
https://displaycatalog.mp.microsoft.com/v7.0/products?bigIds=BX1WPT5RJSB2,BS12VXVR47X0,BP3J6W71NHMP,9MSRMB4L8LRJ,9NP6V9LFVJ87,9N5FBD97PC72,9NLHWTCWLKGX,9NVVSHQ771WG,9N69G2L33Z7S,9PBN5HM4GZ21,9P778MQ2JPKC,9PB3FDWRWB9L,9NVVJ8TBD7KP,9P6FTM76L1S7,9NWGTQ9N9SDK,9NQ2CB7Z7J0W,9P0BD1B6351B,9ND3Z0QH0NKB,BRL7GC0GP1BM,9NL4KTK0N4CG&market=BR&languages=pt-br&MS-CV=DGU1mcuYo0WMMp+F.1
https://displaycatalog.mp.microsoft.com/v7.0/products?bigIds=BXCVNFBPZHXQ,BQ023H8GXZ3T,C0X2HNVH08FB,9NMD5CV9T9D6,BQPG2509CVJP,BVXG5MD1R3WC,BXVQ8M4J9HNM,BP15SF17LH13,9P1RPXHWZ1C7,C3VVNLQQ54F8,BPMJ413V6BB2,BX91DHSR4C5T,C2Z9D406G0KQ,9NZP81BP50XQ,BPHQQN22GB7L,9PGTZH51B3S8,C4VLMWJWM7BG,BPP4NB1CKGP1,BQLMFLL88BSW,C5CX546FNJLG&market=BR&languages=pt-br&MS-CV=DGU1mcuYo0WMMp+F.1
https://displaycatalog.mp.microsoft.com/v7.0/products?bigIds=BXJ5GK6MCMVJ,C2NC88M7NWZ1,BVT6GR25FKCF,BR751B3H533G,BWPCN7FLMV53,C2MX0RPZKR53,BS97KVXLT9LK,9NVBKDF85W8T,9PCJS4XW5LHL,9NVPW693DS8B,9NQQ8B4PJR25,9P91PLSLZBKW,9NKHKBQJSSC3,9PNC9Z13SG3F,9NWZ8VVR0JVD,9N951JR9T3FX,9NRF1RCK2S8T,9P9MC8B7R5FP,BTKGPC4331HC,9N6Z8DQXSQWH&market=BR&languages=pt-br&MS-CV=DGU1mcuYo0WMMp+F.1
https://displaycatalog.mp.microsoft.com/v7.0/products?bigIds=BXSPZM4KZS5F,9NMP9B9KMKLF,BR8C26FGQ9QQ,BQ0WGG6B6X2H,C3Q8BGFJZ05N,9NKFJTR38N6Z,BX2045HX10WS,BTX10NSL9P28,BVN6M64JCHTL,BXGSG9J32FLJ,C0SN83QXPL00,9NMBK4V30XJR,C4GSVXGF65TT,C1XGWGM2W106,BRWJS8P512VF,C48ZFTBQ17Q3,BQKSTGWVCVTJ,BS95882KBB4F,BTVQW5LF9JPV,C02SL8LBS5K2&market=BR&languages=pt-br&MS-CV=DGU1mcuYo0WMMp+F.1
https://displaycatalog.mp.microsoft.com/v7.0/products?bigIds=BZ6XWGQZK45H,9PL3M45QSMVT,9NNVNJ54S273,9P80HQM9SHCB,9N62D9C2HZX3,9N61FL5WCCF6,9P8VLP7325GN,9P3SL80V60J1,9MXN312HMKK5,9MTNHLG0L461,9NHXSG62QD2L,9NBVQCNMPBPH,9NMR80XTB47H,9PCVN6LRVV13,9MTCW6PSSWVS,9PF6C3S3TB07,9P4DN9WBP9RV,9MZ4W3B6PB66,9PGMXQVSBX5R,9MWFTJF7G5XF&market=BR&languages=pt-br&MS-CV=DGU1mcuYo0WMMp+F.1
https://displaycatalog.mp.microsoft.com/v7.0/products?bigIds=BZZX30G7MBFZ,C50F2WS79THT,9PPMMGT8FJQN,9PD4JFNZCZ90,9N1548602HH1,9P2688LZXW86,9P1HX37NMJLT,9PHW7BZS9P7Z,9PHX8ZDKSK5J,9P731FVPM8WW,9PBMM0F96D00,9NBR2ZSD99FX,9PLDLMPLR7JV,BXX0NHDR1FNZ,9MX4DXKMSCZW,C27W5Q3P0KJ7,C0C3QC3J5JX2,9PJ06TZX4NMH,C3PB0BP0G04L,C5DB629HCWPK&market=BR&languages=pt-br&MS-CV=DGU1mcuYo0WMMp+F.1
https://displaycatalog.mp.microsoft.com/v7.0/products?bigIds=C006S0X5ZJSB,9NVK1W7L093S,BTWXL6VXS87B,C1L1H227Q0JR,C20VH7BD75NG,BP25WLQVLF30,BRL99QVV2BF3,9NN69HFJ8SX1,BVZ0D05W8MP2,BW050BMB7FD7,BXDT91NTZNDV,BVFF56S7PXFJ,BV8NQM6GF6Z5,C28VPJV3NZM9,BPX57N768756,BZZP5HFC3PGJ,C0TMGF97V9LJ,BTQP8RRP1PKD,BNXLPPCVS0HN,C52HDXHZV2KR&market=BR&languages=pt-br&MS-CV=DGU1mcuYo0WMMp+F.1
https://displaycatalog.mp.microsoft.com/v7.0/products?bigIds=C0G1L18DT97K,C08JXNK0VG5L,C4BTWD7XQ91P,C355T88BBX1S,C181BBDG2NT5,C4LLMHFQ1BXQ,C5FWJGBXCVX4,BNRH7BRC1D02,BVBQ72FDB4LK,BPBPGV9MXWPB,BSQ928V7VD2W,BTJXDHNM2TCS,BT2B17V20D1P,BXZLCHZT8NDF,BZJ13K1JKGLP,BZHS2XCVV5T3,9PFPM1P9HQN6,9P3ZDHTGC23P,9PFNW2CKS8Q7,9NSQ47R2TJ0W&market=BR&languages=pt-br&MS-CV=DGU1mcuYo0WMMp+F.1
https://displaycatalog.mp.microsoft.com/v7.0/products?bigIds=C0GG86060VF8,BPVP56VRVLZ7,BTSQF5T410C6,BP2KH5ZV0GRK,C2NNGCPR2XP8,BQ4J4CST4H41,BTBMZQ3FM2V8,BZ5WXVG6180X,C051SCLQ3W25,BXSP3TS3RMFP,C2QCKTNWJNWB,BZDK396HW2G8,BXHQB8CKJNVR,9P513P4MWC71,9MXC338HGXFH,C0PK4504XSCN,9NP046630C9Z,BPBJ48S1VM0X,C4P9QWXCHKNJ,C5KDXM27B23F&market=BR&languages=pt-br&MS-CV=DGU1mcuYo0WMMp+F.1
https://displaycatalog.mp.microsoft.com/v7.0/products?bigIds=C125W9BG2K0V,BV9ML45J2Q5V,9NMG7ZJ9XK0H,C3B1V55CDL0C,9NG8RK1F3HCC,9NXGTWGKSW3Z,C2BD1F6CB3L5,BPQ955FQFPH6,C2T9S41WVCMF,9N9HW342BZ2X,9N9GL8NX4WW8,9PF24FN9BZ69,BR1ZD21DCXJR,BPHSZ44NGDB2,9NVJWR50KRXX,9N872VFSPPQL,C4PZ0V39GXN2,C4M5BK5HMGJD,C59QBPB8P1XJ,9PFQTLC9BHFB&market=BR&languages=pt-br&MS-CV=DGU1mcuYo0WMMp+F.1
https://displaycatalog.mp.microsoft.com/v7.0/products?bigIds=C1F2PF1C2H7C,C2S4B065B6J1,9MZ24L5PKJX5,9P5TDCX9TVJJ,9PGZD4474TV5,9P9M6L1P16W3,9MWN1ZNGM7MV,C1NNZ5S892C4,9P902BNG7621,9NVV53VV7NCK,C2MT3KNP86GW,BQ65SF6V8J7N,BQZ62WZQBPWH,BNLRS5P1KZXN,C23W7D7745LT,C2WG3RNSGFV7,C0LSD23RQ10K,BRZ8B5RSTKCG,C2PN98HX8DSR,9NZS0R3Q37XT&market=BR&languages=pt-br&MS-CV=DGU1mcuYo0WMMp+F.1
https://displaycatalog.mp.microsoft.com/v7.0/products?bigIds=C1SPD35KVPJ0,BQ30J3N2LPZX,BVWMP1MBMNCP,BP6WD717XGMT,9NJBX726M8J9,9MZW2FHGT7HK,9PM00X4W9SJX,9N6FZ0F2VFXL,9P3BDLM46TJN,9PJGGX9XJXPB,9NVTR0ZVLDGM,9N944BP7SMCG,9MW2RGQ5G5QW,9N3HS1Q4B8QK,9PC44QBXSSS6,C3585Q6D4BFT,BQMWB8LGQX81,C0VQBXFNZ1Q0,C40860J5R2MP,BVJRH8WMB3BG&market=BR&languages=pt-br&MS-CV=DGU1mcuYo0WMMp+F.1
https://displaycatalog.mp.microsoft.com/v7.0/products?bigIds=C2127MDWMZTB,BQT9LF5VCDPC,BNS4NCFZJDB0,9N5NRVZTKBPX,9P3NZCCVQ0XB,C46J5M9FS4N6,C2HGK9J5367F,C46KTZB9HK8B,9PFK1TLLZGXD,BWCF86S64BWW,9NKX70BBCDRN,9PDGWZPKCBT6,BPL68T0XK96W,C0723XB6XJSX,9MTLKM2DJMZ2,9P5MBBFF3RNT,C3JSDBR0WXDX,9PD5BFNZ4V7K,C0JGM6GN04BV,BZRK5C951KK7&market=BR&languages=pt-br&MS-CV=DGU1mcuYo0WMMp+F.1
https://displaycatalog.mp.microsoft.com/v7.0/products?bigIds=C22T53SQ7FLM,9NKPWB4J476X,9PHZ6MLV5NDD,9N8NJ74FZTG9,9NCVXFKZNKN6,9N87DV1CSMXK,9PLT62LRF9V7,BVFDTJ1XF6CS,C205FBSPZ3W8,BTNPS60N3114,BRQ2SCZCTXF2,BTT25GGLG6KD,9NCDXTH8LKN6,9N442DM2MD6F,BTCS0LP052HL,BNQD9TWQ10PC,C1QJM5XT9SXV,9N64FV6P68RL,9NXMBTB02ZSF,9N1P6ZT92LNT&market=BR&languages=pt-br&MS-CV=DGU1mcuYo0WMMp+F.1
https://displaycatalog.mp.microsoft.com/v7.0/products?bigIds=C232CL8LQQ9N,9PP5HXGH2B0D,C2SBLMSQ5H73,9NRPTTJ94PCK,BW4BKDN4WT8F,C3FXTTH4NFQN,BWLZ0FPRRG29,BS8LFD7729CL,BV26W4BTCLKG,BXXGLRWTNXP1,9PBX8G0DZ8PJ,BSTXLSRZWKH8,BPC739P6MTQK,BVJNXD9V4FVP,C53VG0G9SDG1,9N1R83CKGZJP,BW1WF4K45C78,9NB80T1XC43B,9NH5NCHGQGVR,9NRMQNR8H423&market=BR&languages=pt-br&MS-CV=DGU1mcuYo0WMMp+F.1
https://displaycatalog.mp.microsoft.com/v7.0/products?bigIds=C242DV9JQD3W,C374DZ0SCT26,BR2N2CK65HJ7,BZMCVGQK6MLN,BS8XGCLL3VQZ,BZ0BQ8CSBJ6H,C153K73FMKJH,BSQZ03S3RV54,BSC9DFLVJK69,BW1V96V2X5XB,BNKP5MC8KZWP,C0R9ZNLQ9F0W,C0QB90JXN0TF,BPSLCP7Q6V2Z,BT8CSKSR2L49,BSZM480TSWGP,C0JF4GKTQRMT,BRW49CBS558D,BQSB9CXNFQ9Q,BVQ3FL3201P8&market=BR&languages=pt-br&MS-CV=DGU1mcuYo0WMMp+F.1
https://displaycatalog.mp.microsoft.com/v7.0/products?bigIds=C2TKN8H27M78,BT2F8LHH10GS,BW9M9JCMKQV8,BPR2TBS2KMQJ,BT5397FJ3KTW,BWMQL2RPWBHB,BQDVBCS5Z4N1,BV8C35XSMJMK,BWWQQPX5HX1C,BP0JKGVDHHFD,C27H5T4HD4WW,BP8WDV3T37N7,BQPZGCHPFPV6,BSR5BPN8NMMJ,BPGQ2Z4JSFHB,9P8WMQ1S4TF9,9PD47LC6QC5N,9N1CS194W1Q6,9NFRN3NDXR2D,9PCQ015KJX58&market=BR&languages=pt-br&MS-CV=DGU1mcuYo0WMMp+F.1
https://displaycatalog.mp.microsoft.com/v7.0/products?bigIds=C3553MB4P5TT,BNZDGM7WJWGJ,BWTR8ZCRND20,9PLDZNHSLR4C,9P236GP3KTVH,BSCSRTX27ZH3,9NNTSPSC35ZB,BSXH8LSGZT23,BR64DHW9XK6B,BVWPHR3TVQ6F,BZM82SL2TP6V,BPPFWJZ0QTV2,C348248BJZCQ,C52K72Q65KGK,BX7XFZ51XTW8,C5D7449R6SDR,BSQLNP8TV73X,BRJK2LH5R6WV,BR07QWGDPPL1,C535G04WLZ9R&market=BR&languages=pt-br&MS-CV=DGU1mcuYo0WMMp+F.1
https://displaycatalog.mp.microsoft.com/v7.0/products?bigIds=C3BVG9LGGV75,BT6C28BZM5JX,BPLQD16T5ZTV,C4K9SQC799ZG,9NG07QJNK38J,9P6QRRZQKPCM,C4HFHZ44Z3R3,BZWTTXFKTS3N,BS7F51G3DP8R,BVQ3V30ZXVT5,C01Z9J8S9BJP,BPCL0TXCGJ1W,BTGZWQCD01JC,BRJGPRMBV1NT,C24T2MRDBB3W,BXHG2GX28L23,9PG26DBX43L1,BX3M8L83BBRW,9PDV8FKWP3B4,C07KJZRH0L7S&market=BR&languages=pt-br&MS-CV=DGU1mcuYo0WMMp+F.1
https://displaycatalog.mp.microsoft.com/v7.0/products?bigIds=C3FK18TN91JD,BX3S1Q5DVHRD,BXZG8RW2ZMNC,BNF5Q9ZSD84Z,9P2N57MC619K,C0QDQ0KX4HDV,BWMB1BF5D69N,9NBLGGH4PBBM,C2S98G1ZC8HS,9NM92WGGVMT6,9NDKCCHCQ6SX,9NDSG092LDKP,9PGX81GR67CZ,9NPKFN7M233T,9P7XX5LQN0ZD,9NSL68D814GC,9P9K78101LCW,C09LFD39HKLW,BTQ96QTQ58F3,C4X7FCGX1NRM&market=BR&languages=pt-br&MS-CV=DGU1mcuYo0WMMp+F.1
https://displaycatalog.mp.microsoft.com/v7.0/products?bigIds=C3GDK9QKWLRD,BVK1LRW59L64,C2QDBJVVLVLX,9PM1HTWKBR83,BT8SGJJG7D22,BWBS3291305L,9P5X7892QPDL,C3LNP2Q4422J,9N584LPFG1GM,9P3R29Q9VK8F,BWHK1713PW2L,BSMG6RBZH4LQ,9N17CM38WNN8,C48XJRK40VC4,BSMTPPDTN966,BVG6N37LFL8M,BSWKX5K46W7M,9P2Z085BXSXD,BWB89BB14C5H,BR74RLMH966K&market=BR&languages=pt-br&MS-CV=DGU1mcuYo0WMMp+F.1
https://displaycatalog.mp.microsoft.com/v7.0/products?bigIds=C3H56C11VWHM,BSB132ZQVWZM,BTG951RGX7QD,9NFJBW6B6D78,BV02TBL15DX3,C308TKBJMZ8W,C4B4K16TJG7Z,C0XBNVR137DZ,9P4D0K92BM7V,BPBWQZRC5JGG,BSS424N935KS,BRKVPTHJW525,9NBLGGH42XC3,C4C2Q9BC2W28,C1Q14RM5224Q,9P3XSG3180NT,C09XZ31GMN2N,BQ765BPQ7JGL,C07NM31J7HLP,9N8LSNMV8HB4&market=BR&languages=pt-br&MS-CV=DGU1mcuYo0WMMp+F.1
https://displaycatalog.mp.microsoft.com/v7.0/products?bigIds=C3HNL83BXGZ3,BWG6LFT5QDR3,BP79KKVGDDH1,C01MSK2X5HPQ,C35H9BGPTFLG,C1JKCSRT3XCN,C5828HS8K39D,9NX14Q0QZD1T,C20HL06X0V8W,BXFP2QC134V7,BRH0DMXL6MR5,C4MSTXCKBXGL,BZKMXC4MVHJF,BTB16H9WG3JT,BVJDZWS270F7,9NJPT63K27W8,BVVP3LXMLP85,C4TS3RK0KDRJ,BV9X47B38W0M,C2XTSV7BJLS9&market=BR&languages=pt-br&MS-CV=DGU1mcuYo0WMMp+F.1
https://displaycatalog.mp.microsoft.com/v7.0/products?bigIds=C3L6F8GL5LJK,BXKLDP56HFGZ,BRJB0RMH33T2,BVT0L7DZJ5VC,BP0D0CXNR435,BP1GZS0Z6G58,9NLQTDKD0PMT,9P4F8NBPVDNH,C48PP1NS6ZNP,9N7RB1X6FKM4,BZVK6GF5MGXS,BX89DK9KLJ89,9NDPG3DNQH5J,BQD7NTQP0CD9,BX8HV1B694PC,BVTFP7L3CVL8,BPNSJSZCRPPF,BZTZV149BZ44,9P4Z4TW66LPV,9NCJR504WXT0&market=BR&languages=pt-br&MS-CV=DGU1mcuYo0WMMp+F.1
https://displaycatalog.mp.microsoft.com/v7.0/products?bigIds=C4Q29CMJ31NX,C0FZNGPNQQRQ,BPBKTSC16MWT,BSZ576R612B0,9NHKL695M9F2,9P5C81K094KW,9N2S04LGXXH4,BPBC39LH0Q9B,BQ9Q620NC614,9NZL91Q08XRV,BWD88K55MK5W,BTFM6JRRSSTM,BWNN9M15W9V9,C4DQHRNN1ZN5,9NRPPQHL2MZM,BZB4S8FS8T5B,C493V31WXV80,C3KR2LLCJM25,9NKJBN2RMQXB,BVJ6MPFR35NS&market=BR&languages=pt-br&MS-CV=DGU1mcuYo0WMMp+F.1
https://displaycatalog.mp.microsoft.com/v7.0/products?bigIds=C4Q7K19Q0VBZ,BZJ43GK4L0JC,BTDFLRTVJWVP,9NT9R76CMJ4S,9NZP7NKR2QWG,9PKXGL2GD008,9NMBJQ0265ZK,BWM6WTKKGQLC,BZRB09RQK88P,BQQ348B7RGXG,BR3TMVZ9PNWZ,C4F7ZHLN6B2J,9N0102B834ZM,9MXMJFNZMVWD,9NKJ0F4RFK88,9NS86BQ33SPX,C54H8FDKTJPG,BQSC9GDBDF0V,BQ7NMRJT1NQ4,BWTTW53M5B98&market=BR&languages=pt-br&MS-CV=DGU1mcuYo0WMMp+F.1
https://displaycatalog.mp.microsoft.com/v7.0/products?bigIds=C5B4KP2NSCLB,BVPXC5S3574J,BSK1GN27RB8R,C24DMFCJKDH2,BSBTJM430VVR,BWH56DK175P1,9P7QSN91WN52,BWSWK2R1RLQK,9PP08D2JHGQ9,C0PZ78D0KK12,BTJPC1C99FS4,9NVHRQGS3PKX,BPM4P4N6V42H,BNRQTVVRPX3D,BQQ0NFPC23TJ,BXDRXW171WMG,BRHTR6ZW2QT2,9PCCHXV95L26,9PN5LWP13H12,9NNSD6LB97WJ&market=BR&languages=pt-br&MS-CV=DGU1mcuYo0WMMp+F.1
https://displaycatalog.mp.microsoft.com/v7.0/products?bigIds=C5GDG0CQ99RJ,BQ0T326DSPLQ,BSRXXBC5L1BV,BQCLQ73MFGJ8,9PCDNBHR11MR,C5CZ41LM1DLM,BP021F0PG0D4,9PCKBVF3P67H,BS4R9GLTJBRL,C3LF9PCRP9RP,BNZ2TD4Q2PVD,BW0D9LH9GG6D,9P4D41K02WB8,BQT2R5FK3P7R,9NQ87FZ67JZM,BPH82WMZ6W7N,9NBL0XKVCN5L,9WZDNCRDBV2N,9N7PL7D5CDJ8,BRMFLRV79C3H&market=BR&languages=pt-br&MS-CV=DGU1mcuYo0WMMp+F.1
