https://displaycatalog.mp.microsoft.com/v7.0/products?bigIds=9MT134N45H65,BQCPMWDK2NCX,BR7RSK7MJBJ6,C1FJDP6X42GD,9NLGW5MXWKJ6,9NRWMZZ3H1CT,9PJ1KHLWR366,BRS3HHJNP5H3,9P0LBV95W4ST,BSSGCXQ79KKQ,9NZ333WHFHFW,9PD5W4Z11BRR,9PHL3HQD7S6Q,C5BWNC77R29H,9N9PR0F983BS,9N5X5DBFV5QC,9P7QL5NF1GZQ,C3VGSQ18C0QF,9NLK6K00SQN8,9NMHJHHZRL3N&market=BR&languages=pt-br&MS-CV=DGU1mcuYo0WMMp+F.1
https://displaycatalog.mp.microsoft.com/v7.0/products?bigIds=9MT8HTJC4GSB,BXVCFBJBNS17,BQ1W1T1FC14W,9NJ4R763M7TH,9MSP68027100,9P008L2LS87F,9NQTJK43NCQJ,C41ZDFQ82M1G,9NTX07HR22TG,9NW7S04QK7XV,9P94PCKP864B,BQR7QS0F8SJ3,C512KLS2GPD3,BT7L901WBLXD,C2XNJC9WK15X,C2DQXX0CB42F,BW6B077FCH11,9N5JX0CG1SVC,9MT6TG9CXR2H,BXRB4ZH2GJHK&market=BR&languages=pt-br&MS-CV=DGU1mcuYo0WMMp+F.1
https://displaycatalog.mp.microsoft.com/v7.0/products?bigIds=9MVCWS75DDJ9,9P24844C1687,9PFBRL6FH521,9PH3RR8MVFJL,9NRSBXFHS9WC,9MZ313B6R2C0,9NTRS771L8HL,9NHTWGXGXFBC,9NJHRSS8536S,9NNM7Q7VQB5Q,9P59JHC23XPP,9PKTLQ0VFVB8,9PKZKS759G12,9MVX4QJXMXNN,9PKKGFLS5B49,9PGT86PVPMTK,9PL9LQ40GH18,9N0TBH2GQ9DN,9NVR7GXMNTV4,9PMGFL6KM0T2&market=BR&languages=pt-br&MS-CV=DGU1mcuYo0WMMp+F.1
https://displaycatalog.mp.microsoft.com/v7.0/products?bigIds=9MVF0PGV94F7,9PK09BL31FK1,9NZTSFKR9M94,9PPSH9GQKLCB,9PHQJWGLTZM8,9PFX7F33KVG8,9N42CT1J5WGW,9P1JS86M9SXH,9NBZ9JF6TFMD,9P71MB9QCF77,9NKGNMNK3K3Z,9NDV7FRVD7ML,9MZR11JRF7BX,9MT3D7Z4NWDV,9NBBCKL3LTRH,9MTV87HFMF43,9MVJ3VL1V3VP,9PDWSL3BZ6WS,9P5SFDNW6V13,9NS0KH25D76X&market=BR&languages=pt-br&MS-CV=DGU1mcuYo0WMMp+F.1
https://displaycatalog.mp.microsoft.com/v7.0/products?bigIds=9MVFW9BC7F5C,9NGLCHKNKNS2,9PFJ3H2R6TF3,9NVCM1N4725Q,9MZNXNW0277Z,9N5JRPQS65QX,9N9T9KWDC0BN,9PHT427SRZ02,C48LJQLV397R,C24WP4DMNNWJ,9P9778WSJTQC,9NHDM5WPX3GX,BNZGDS14LMW6,9N1NLQKZHZXM,9N7LFNX0L88T,9P5591C1FMQG,9NTT77B0QS1V,9P31S2P58BGR,C3QLXK59G1N3,9N0HKBMZKC15&market=BR&languages=pt-br&MS-CV=DGU1mcuYo0WMMp+F.1
https://displaycatalog.mp.microsoft.com/v7.0/products?bigIds=9MVJGBNNFPPS,BQNBKCDB2TPR,BR7ZJJHGWT5X,BZ83238KZD7N,C4FK95NSWL7G,9NBL782WBHK6,BNKXZ9WFM6H3,9P1468J5QG2D,BT3L7MVTD4QF,C545JKTS21Q2,C4CSS7QSS98C,C42GGWF64WH8,9NS66QNVR00N,C1NJFJM3FPWN,BPZT3CQCCWKG,C23M2TC1ZFPJ,C2SFHTW47D94,9N0RSV9DHLPR,BQ2ZZ6WTZZJZ,BQWG99VDMBNV&market=BR&languages=pt-br&MS-CV=DGU1mcuYo0WMMp+F.1
https://displaycatalog.mp.microsoft.com/v7.0/products?bigIds=9MVRBJMR0622,9MW7FV1V3RP7,9NW5SQSL21ZJ,9PPFQQFTWXNR,9PHD0NZQ85CG,9ND3PKLN61F4,9PGNH2VQR2TC,9NRHJL7H09FW,9MT7SDCWHF9M,9MZD6VK46D9L,9N6M3PT9H2RP,9NK59W1D80LD,9NFXC5Z1V7KG,9PJ6JZBL0JP1,9PGGCGLHC0VS,9NJNTZX5H3DX,9PBS0LQQDRZ1,9PMMSG5BN945,9NZ325QPLLC9,9NKMQ7Z164KN&market=BR&languages=pt-br&MS-CV=DGU1mcuYo0WMMp+F.1
https://displaycatalog.mp.microsoft.com/v7.0/products?bigIds=9MW41X3XHR4F,9PLM2TQ1WXNP,9P0FZDW4X1Q0,9P99V6KS0PW2,9PP6MFZBQ6VH,BT0N6ZXZJC82,9NVF64RCD1JJ,9PKTT800W2ST,9MWDJ429R5V0,9NMJFNVGMLWQ,9PLGVN9ZNJBQ,9MVSDLX60BND,9N6VTXJTSMXP,9NJVNJSJSZP2,9NPWV02QD142,9P40FJDR9BZR,9NJ62F9H0R6X,9P0RGJND5SR0,9MSQC3ML4X93,9N5J2SDS0WLF&market=BR&languages=pt-br&MS-CV=DGU1mcuYo0WMMp+F.1
https://displaycatalog.mp.microsoft.com/v7.0/products?bigIds=9MWQ4NQ5WX37,BWNQ4QZFV74P,BV5623GKKLGV,BV7G9F275F94,9PJZXCCK7VLW,C2B588K0RM2S,9PF6XX9BSHF0,BPFVSMS2MN7L,C160K9CDDDCW,C0SKP911GZMV,C1R51ZV4ZZ28,BRPJ41HZ1Q46,C253HWJP0L18,9P27ZMZ7FDPZ,BSZFRVD8JTJF,BXLH97R22VM2,BTXC0RGTT3XN,9NGVWZ3MGT0B,9NRH78B682L8,BXVBZGL29961&market=BR&languages=pt-br&MS-CV=DGU1mcuYo0WMMp+F.1
https://displaycatalog.mp.microsoft.com/v7.0/products?bigIds=9MX98FQHJ6SH,9N3ZR7HSGHZ6,9NHM3D9QMVHN,9NT9XF3L7DDX,9NVP9XBWWR7T,9PPN2VTXRRGC,9PPTH7PNZFHC,9NB695J9L6ZF,9N1F1R2D9C8P,9NP6207G47F1,9P307GFZHHN0,9N9HWW1CF3DQ,BWL3KFXWTFBD,9N9L1GSN2CDW,9ND3MZJJSZMK,9NNDQJBZG3MJ,9P30MV0HQTFF,9P9FZNZJGFMN,9P7TBCQ0W7TQ,9NKM6B1MN8TV&market=BR&languages=pt-br&MS-CV=DGU1mcuYo0WMMp+F.1
https://displaycatalog.mp.microsoft.com/v7.0/products?bigIds=9MXB5MBTLJW6,9N455N4ZRL7J,9PDGRSZS54LF,BVX9CHS4FR5W,BPM91W8NNS17,C1ZJGF2JXSHM,BVM2KN4FVL20,BPR4TX9NRWRW,9NS825HR2BJ9,9PGXZDQC92TK,9PJJZTLWBXHM,BQJ3J7D8HVJ5,9PMCZBNFVFMS,BSC246MT070F,C1WRVQG6430C,9NW3D3NCCXD0,BRS451NNNSGB,C3WKRXK2N2ZP,BR2T1BL51DS9,BTW6W8X478S6&market=BR&languages=pt-br&MS-CV=DGU1mcuYo0WMMp+F.1
https://displaycatalog.mp.microsoft.com/v7.0/products?bigIds=9MZ4V4RG0W81,9N9RMHTJX41P,BQ4M1XWXFKHB,C4060P46HH4D,9P9JZLNFQ9PT,9P7GBPGT90L3,9N5521ZQMQMJ,9N6PHQ93Z451,9PKJTP6DTND3,9N7V5R3VLMJZ,9N4PGNQQ7ZFK,9ND3N9W1VRV1,9PN7NK4D9VCH,9NW4Z3HPJVKW,9P6W46XMDJM5,BZ5VLVX84STW,9PP8Q82H79LC,9PNRSC0J6DT8,9NVD5DB5T3HD,9N23WV1HGLTQ&market=BR&languages=pt-br&MS-CV=DGU1mcuYo0WMMp+F.1
https://displaycatalog.mp.microsoft.com/v7.0/products?bigIds=9MZQGR4893R4,9NW9M7H9684M,9PBTMJ6PW9MK,9P8V0XN81S1W,BTT48FGF6SWM,9NBL72W4SZLV,C2Q9FW49H8K3,C37XBX7DCBZ0,C3NKGFRNG3H6,BV3FZP8HC2T5,BWT5L9P3L60X,BXKVN6G9C5WJ,BQXN1S3V3FN9,BW2XDRNSCCPZ,C0WF1M4KMFL9,C1ZWH2BZ9TSF,BPN103KDBX2H,C0X6N5963CTW,BQ48FH11C9P2,C1V1FFWQ7B17&market=BR&languages=pt-br&MS-CV=DGU1mcuYo0WMMp+F.1
https://displaycatalog.mp.microsoft.com/v7.0/products?bigIds=9N232RBCFR2G,BT9FFLG51VVG,BPV4GXTDCNSH,C421ZX7RCG0W,C4BZ7X545J1T,BRJNRZ9N734V,9N3460XCS8BC,9NXFD44B98P4,9NK23S9XBMZ6,9NK3ZFC5R579,9PMM5T8C0CN6,9P47H1RVDWWW,9PLSCHRN5715,BR9MPWXFBCRC,9P1DP2NGFB93,9WZDNCRFHWD2,9P686C1GJ91L,9NWQMVSB63N4,9PGL2Z1H9M4R,9P8CFXZH93CK&market=BR&languages=pt-br&MS-CV=DGU1mcuYo0WMMp+F.1
https://displaycatalog.mp.microsoft.com/v7.0/products?bigIds=9N29VZ9LRNNQ,BZW2R4STVDNK,9NN50LXZT18Z,9N4DNRXMJ381,9PLLM41KB8T2,BSG43BDRN81R,C4Z18B1HM4FZ,BQQKG9H2STC0,9NLM4TTHCWSH,9MZNFF29W9ZX,9PNJXVCVWD4K,9NP539LHJD8S,9P3ZRGNQVC7D,C2P985H1H42H,BPN08ZDRPSFK,C1SDBNRFXT1D,BSHMMGRP84N4,BQT21VXFS52F,C20WW4W29FQ1,9PHK9D8CLQCG&market=BR&languages=pt-br&MS-CV=DGU1mcuYo0WMMp+F.1
https://displaycatalog.mp.microsoft.com/v7.0/products?bigIds=9N5253J559LR,BRHB1G8F8ZCB,BZ6W9LRPC26W,9PLZPHBNHTMF,C40HL7DFHWCX,C4QNR5Z103QW,BRGPD72KHM3Q,C1X3TD4QD17N,C3M28PDJCJ8T,9P34R5N74SNQ,9N9R8TX1V7RL,9P6SRW1HVW9K,9MWHMJ0SRBXV,9N75X3XT3T8Z,9MXGJ8JZL0LK,9PJDVRGGFPPH,9P76WSKFLZ12,9NVQ3KCWBQG2,9N7RXHK6FN5B,BWMH4RQ4Q06F&market=BR&languages=pt-br&MS-CV=DGU1mcuYo0WMMp+F.1
https://displaycatalog.mp.microsoft.com/v7.0/products?bigIds=9N5JRWWGMS1R,9NGRX7L5NB6M,9NZKV9Z5K02R,9N5V65564VWJ,9PCBJLHPDM0H,9P57JBF0J6M2,9P5SDG8BZ91W,9N26Q28SNFKK,9PGJVFL1PMJT,9N3WVPV0TVP0,9N948PVZ60BD,9MV2S7Q5PHSW,9NS4WDJ9DRNW,9NLQ3NZL4D73,9NZG72SH3H4W,9P5S26314HWQ,9N8WRDC25K6J,9N16L6MD35Q5,9PHZ4ZPWKHGN,9NRJ8NX3R1WG&market=BR&languages=pt-br&MS-CV=DGU1mcuYo0WMMp+F.1
https://displaycatalog.mp.microsoft.com/v7.0/products?bigIds=9N7CKKL3J5N3,9P3P6T7DXFLR,9P6M888FRBS0,9PB4PG8QJCX3,9NV5RQRWPRFK,9MX1V7DCM1TN,9NJQWH8Z687X,9NRG572P5B7F,9PGJK7M3P4RP,9PLJ3MDX2WM3,9NMF0DC8KVL0,9NXZ4CJH27LF,9NTFPF982K95,9MZV9H5HPCQ1,9P6N58X27150,9P898CXX27TD,9NBRNCG3FX2C,9NWLHMFKM330,9PJR645JQ74V,9PMCXWT63465&market=BR&languages=pt-br&MS-CV=DGU1mcuYo0WMMp+F.1
https://displaycatalog.mp.microsoft.com/v7.0/products?bigIds=9N7M1VP61XDK,9P4JJ53K8CRF,9PB3WG35DGS9,9PG9H9BQXG42,9MTW722JFZ5Z,9PHV85PRZL7N,9N154QH0914C,9NBJLD0BR3VK,9NMZRLZNGWPJ,9NTRSWWGZKQG,9PCSH678RS9S,9P6DG5C3C1CF,9NGKLLS48TG2,9P3W52L4DN08,9P9ZQKFLGJDD,9MTC1LDSR6T2,9N625G240XVH,9N7HR4WV9FLQ,9NND0JR8W5CL,9PGL4KZXB18S&market=BR&languages=pt-br&MS-CV=DGU1mcuYo0WMMp+F.1
https://displaycatalog.mp.microsoft.com/v7.0/products?bigIds=9N86P4285J15,9NBL1V8SVRPL,9NQ4VGRQ09J3,9PDMS3GTL274,9NJT6GLC7128,9NKJM0J5S4V9,9NKJ6RVRFS5M,9MVPN1JHCW01,9NBJ49GMCC1D,9P14J9831SBP,9PMNMJRBH9DF,9NMQCL102XZ2,9P41NJG794S5,9PC4B6HBGVW0,9PFNSS964V4F,9N36BNCXZBN6,9N62R61WNNV3,9NLJQ8JS11RB,9NDVRMCCHLWL,9MV2LW4814RD&market=BR&languages=pt-br&MS-CV=DGU1mcuYo0WMMp+F.1
https://displaycatalog.mp.microsoft.com/v7.0/products?bigIds=9N9J38LPVSM3,C496CLVXMJP8,9N2ZDN7NWQKV,BSXLFN5QQZSC,C1KX6KNB7XMM,BR765873CQJD,BNGT6SZBFM2T,BPPTRQZRJ341,BZGJRJC1FGF3,C2N9CS4FS1QR,9NCR5MBMLV4Q,BZ84XLQBRHTG&market=BR&languages=pt-br&MS-CV=DGU1mcuYo0WMMp+F.1
https://displaycatalog.mp.microsoft.com/v7.0/products?bigIds=9N9P148DWN6N,9PKQ7L416PQF,BX4JBN0GWCVB,BQD45PQR4F4J,9P3NWVBWB1F5,9P8NF6TXP8WF,BNCR23L7NMG7,BT51M2LPKPZD,BSNJMZJH6HJW,BR03N9C6Z9G6,BR6HQDNQT004,9PFWHZ390TG6,9P3PL76N0KWZ,BNSDHDK45KBR,BZCKRXK87G28,9NMGP6S6NJPR,9NGK2CXP0366,9N443SNTNN5H,9PP2NCZ72C79,C4HZC7LJG6PX&market=BR&languages=pt-br&MS-CV=DGU1mcuYo0WMMp+F.1
https://displaycatalog.mp.microsoft.com/v7.0/products?bigIds=9N9SHJ8PTXWG,9N6SK5GZV7G3,9NMQFR4HJPSQ,9N1J11R9SG6Z,9N32ZFVZKW0D,9NS8F5C12X0N,9NHMBS5JC4RT,9PJTV3HFJS43,9N2MF1FZCTQQ,9NQRZPBJS8WZ,9P1Z5456QXDX,9N0JKF6MZCVL,9NB0NQS0R8D0,9NSQZVRNMCCX,9NQ9LDZSMKN6,9NWT9QTRC4K7,9P5Z13MV3PX0,9N3N873Q79C7,9P0L4XR9D8L3,9P2Z4ZX8LTVB&market=BR&languages=pt-br&MS-CV=DGU1mcuYo0WMMp+F.1
https://displaycatalog.mp.microsoft.com/v7.0/products?bigIds=9N9XXPM7ZQQG,9P8VQP0HLKFV,9P61M5X3X4N4,9NVVQPNGXRK2,9N857BZCZPMM,9NRDWKDVSVWG,9NRDC9PXDQ5N,BSN8BS8F8BBJ,9P4KMR76PLLQ,9P29XK3N9SVQ,9NXCSWCQTNFG,9PJ2DSSXZR0P,9PLW0DRNHMF2,9NW7BR0KTRB5,BVZLS7XZ68KF,9NLPL00MN079,9PC4RWP34M2D,9NSWRNXVBRJP,BNWCTF2JTDTB,BP2BW45WZ45Z&market=BR&languages=pt-br&MS-CV=DGU1mcuYo0WMMp+F.1
https://displaycatalog.mp.microsoft.com/v7.0/products?bigIds=9NBJ51BD0LTH,C13B30356JXW,BWJK7NTJLKV9,C3WX803ZX8SD,BZJWV056VNPB,C5JZ67GMQFJN,9PMXPQ307Z5P,BPBZVTWFWS8F,BXH46NQT9W4Q,BRBVZF1T3GH3,9NG3C8RL2SLN,9NH019ZFFHTV,9NXNST9MKMK1,9PG7MTR0MVP9,C2CSDTSCBZ0C,BPQZT43FWD49,C08CV6MR919R,BZC8PXK6S00G,9NZC09NNR93L,9N1XJMDGKHWZ&market=BR&languages=pt-br&MS-CV=DGU1mcuYo0WMMp+F.1
https://displaycatalog.mp.microsoft.com/v7.0/products?bigIds=9NBLGGH3ZWDX,9NP9N9JZV55T,9MT9L8JH590N,9NP9N5L5X9Q4,9N5V64V59RNG,9P2LJ5G6DNBC,C2TVKWCGTGR6,9P2K372075SQ,9PMH7F7GD178,9P6R0XDHFQNP,9N5KN782GJWX,9NCNBWZSHZR5,9NK4X6H3CPP8,C1Q2M0GDC8BM,9NCLS1NXTKKG,9NQTQVZ56DQP,9P2001LNV456,9NG7LG421V0Q,9MVHKHR8Z7Q8,9MX15SRHXVZB&market=BR&languages=pt-br&MS-CV=DGU1mcuYo0WMMp+F.1
https://displaycatalog.mp.microsoft.com/v7.0/products?bigIds=9NBMLLPNCB8K,9P886VG62RT0,9N6BLBGHGM5Z,9N9KRZCKF024,9P0V3BLGW7NX,9P4JD6C48TZS,9NRWNJS7JS6H,9NRVRXZX0D1Q,9NPTX8WP6JHP,9PGRZX0F2JR0,9PNB5CZD8NVN,9NW22NR58C2P,9NFN8LV9SZQQ,9PFV9M49VQ7C,9NRHR86QDVFB,9P959CQZL8H4,9PHDWQ1SJ8HV,9NWG6P45WQ9C,9NZ8RGTF2HZD,9PGM4JRZKJB4&market=BR&languages=pt-br&MS-CV=DGU1mcuYo0WMMp+F.1
https://displaycatalog.mp.microsoft.com/v7.0/products?bigIds=9NBXPS7FK5N3,9PBDMP5DVLCT,9NKRLWS4GF0L,9N0RV986RSZ0,9MZQC20PW79W,9N99GVR8FDBP,9NNKB8Z21C60,9PHF6BZRBZH9,9MXMXF6XTR4R,9N860XKRW00H,9NG0MMGSTB8Q,9MZP51DKSKRB,9NQ465WGDWJX,9MZM7JT476H6,9NL1HMHVDXDW,9MVTM9V0GWVP,9N9RLJZJ7R6T,9NDWPMQMS32T,9NRNX7MMMFM6,9P8RZFL8HC4W&market=BR&languages=pt-br&MS-CV=DGU1mcuYo0WMMp+F.1
https://displaycatalog.mp.microsoft.com/v7.0/products?bigIds=9NCJZQRWJL75,9NDJLXD2X2DM,9P37GDB1MKPC,9N3KC9WF7J57,9N96S9KCN746,9N9CDX6PFL35,9NCD3W3KH8DX,9NCFJBM3RMMQ,9NG7Q8PH32JP,9P7TNGPF3WXW,9PLXWDNT2GJX,9N8ZGB1375XS,9ND1V2DDZPCB,9P6BCQ88CBV8,9PP2H8PWCTJW,9PPM9VJW284D,9P3975XVSB5H,9P2HM4TRRKM8,9MWNP8HBCBQL,9N6K4VWWLJZV&market=BR&languages=pt-br&MS-CV=DGU1mcuYo0WMMp+F.1
https://displaycatalog.mp.microsoft.com/v7.0/products?bigIds=9NCNHN7K1XTH,9P9GXG7BJ42Q,9NBPZ48WH7F3,9NGDFRHP8BCN,9P6QH9KLFHWF,9PK97P54BWG2,9MWZ8JV5TSQG,9P8DL6W0JBB8,9NBHQSQ3621M,9PD2FV3NHPDW,9MVMKRVTX1G5,9NV8BWGH15GN,9ND9606Q74T9,9NR8ZBSJQ4FD,9PKWHT7G60WQ,9NLVQ5XS6T4H,9NJL0P4CT2NZ,9NXDCSJK0GDF,9NKFJ3BHJMN6,9P6X271HLG8Q&market=BR&languages=pt-br&MS-CV=DGU1mcuYo0WMMp+F.1
https://displaycatalog.mp.microsoft.com/v7.0/products?bigIds=9NCVD24B83VS,9PLF9MR720SJ,9N14MFN0DV4K,9PDDP6ML6XHF,9NB6BVL3MTG4,9P5X4QVLC2XR,9PBWWQGXVMKC,9N88HSBP6RJ8,9NMH293554QQ,9NBLSN1JP7TH,9PLWSGHFQ4PS,9NZFZXDRZQLR,9N3K4M5K357L,9N8LVGJ6RDBP,9NL1GX15SQJK,9NBLGGH1Z6FB,9PGB72NFG5JN,9PLZ7HZR7JGT,9N8QNKN5ZKTH,9N8N7NZSVTG3&market=BR&languages=pt-br&MS-CV=DGU1mcuYo0WMMp+F.1
https://displaycatalog.mp.microsoft.com/v7.0/products?bigIds=9NF25WX982PC,9NJX5BS9HF55,9NVSQ73DJZH3,9PF3LTSF9K18,9MVDFSS46069,9P0RZ0WCLMFM,9MWZ4ZT8WGZB,9NZXRSXHBV2W,9PG5Q9HGZXQ2,9NSDW4Z06GBV,9N7JSPB3MPD9,9P9WGF0GKHQH,9MXCR9FNQ56X,9NB1DGTNNVST,9NH604B5TLH7,9NLLFP0PLRT4,9P98HDM2PNXF,9PKRD185S44X,9NLS0L967QLF,9P121GJW0X9Q&market=BR&languages=pt-br&MS-CV=DGU1mcuYo0WMMp+F.1
https://displaycatalog.mp.microsoft.com/v7.0/products?bigIds=9NFM39PSFXJD,9NSFGM8J6MBJ,9PBB13RDD77Z,9PCQRLT7C2BH,9MTCRVZQN3GV,C4KBHNHRPLN6,9NLRT31Z4RWM,9N0T8V0R7MBC,9P55TJKCL1BC,9PKM0HK8HKFL,9PKLF2W8J0TF,9N55W5HG0DSG,9NH5HN11FG4M,C11KKHB5H7QJ,9P31WJ3N46KB,9N7KBCL0NC5H,9P9V698V6MVR,BS1NPTPJGD4G,9P4FCZR21QQK,9P0B86JN5X28&market=BR&languages=pt-br&MS-CV=DGU1mcuYo0WMMp+F.1
https://displaycatalog.mp.microsoft.com/v7.0/products?bigIds=9NGCXSWQH505,9NR6CV8P1ZGH,9PL56HC4ZHCL,9P0P5CD91J41,9P35PKNHPQNS,9MX63BP9P3ZH,9NRKWNDGZVJ5,9NRNSQ3QNBZ8,9NPMH5MPW39F,9P00P7V4BMKL,9N6CF8S0GV0B,9PL1SS8K9VL1,9MZ90CPQKFTK,9NQ494H131K6,9P194N12FLHD,9PG1SW6HPLZC,9NC39BMT4SZ6,9PCM2KX4FW2B,9MWV1BGFX935,9NZ5V1T58TLK&market=BR&languages=pt-br&MS-CV=DGU1mcuYo0WMMp+F.1
https://displaycatalog.mp.microsoft.com/v7.0/products?bigIds=9NH0JJGR3Z6N,9PJGP19CPS8K,9NQV9C7FRQPQ,9P1MKZ0RQ7XM,9N46MD02GQ42,9PF63J1GVZV1,9NCHV7FX214Z,9NFF1K9FQCJP,9P6KNHD86KMX,9P1MLQ84K3VH,9N2PFZ9H2LS8,9NFF0GQ68HBG,9PJ5KM3BBVL5,9NV5802791GM,9MSP2Q8HBG5X,9P9304PB1JKT,9N8M9XP8XLDP,9MZZ7L1TKGXP,9PJRZ7N912V3,9NS1RG0LXX2K&market=BR&languages=pt-br&MS-CV=DGU1mcuYo0WMMp+F.1
https://displaycatalog.mp.microsoft.com/v7.0/products?bigIds=9NH60CP43T2Z,9NCRBWW1TDX0,9N93B54RBTSX,9PKB6S24BR6S,9N5JR0GNLPCT,9N868NG7S7PV,9N9X9KRKP6JX,9NQW90PMTVJM,9NS485HJH328,9P1ZFZ25Q6PC,9N30LFBWQS1N,9NZ240K9K7RC,9P3RG7BTFGBS,9NB1JFNQ9Q2Z,9P3VLGZFXCNB,9P6RS059N657,9PKXGRWS6FDD,9NWJ3L8C4HL1,9P44N3SQR002,9NC0XMBVM6JC&market=BR&languages=pt-br&MS-CV=DGU1mcuYo0WMMp+F.1
https://displaycatalog.mp.microsoft.com/v7.0/products?bigIds=9NHFVWX1V7QJ,9PP2XW3G28LP,9N655D14L90W,9PBKVH4MH33G,9NQ45D373W6S,C210ZQR369CW,9P9V13MZQZ41,BWQ5FC9WDJ6H,9P6X1T5X3CMC,9NBLGGH43KZB,C4V7CD6W5TSK,C3XCXTFS6FFQ,C3BTM5SJXLVL,C54JWFXKT65B,C00V66BW6K1X,C4CBF3FHHCND,BTRRGQQQ49GH,9NS2PTV2WZGG,BVTWRTBX5LZZ,C2DWDJW40MRH&market=BR&languages=pt-br&MS-CV=DGU1mcuYo0WMMp+F.1
https://displaycatalog.mp.microsoft.com/v7.0/products?bigIds=9NHPR05080C6,9PLD3NB588ZL,9NFWSNN4JWKB,BRRSMNBM1QGG,9PM9ZVWT18WR,9MV6MCVLT8GR,9N8C03GW2TRB,9NVRJS95FLM9,9NN16ML9S93V,BNVQ3TXZ3JH4,9PBLVTGXLV7D,9NW6RJDFKV5V,9NVHLDZNKH94,9P5B81KVDGP1,BV5N90RDT0SH,C0Z1N477W100,C040H652PD98,BZPR04V49BMH,9PB86W3JK8Z5,9MTJ74MKQM46&market=BR&languages=pt-br&MS-CV=DGU1mcuYo0WMMp+F.1
https://displaycatalog.mp.microsoft.com/v7.0/products?bigIds=9NJL6N1TX88N,9N71466MX1SN,9NN53VZWMWCS,9PL4J0D1PM3K,9PDZC7SB4CC1,9PLR0DV346FC,9NNBPBM2F60W,9NLHRCNVCP14,9MTJKT12QRFB,9N04KQK2LBZL,9P4JJ52DMBZL,9NKB1B50PZLZ,9N4JCPGQ5F8H,9NJNPFBNDT9H,9N9PDB02QD7T,9PFV8SCT96F1,9NN8R15LFDGC,9NBR2VXT87SJ,9P1471GHNT7P,9PLGRPRMTQJT&market=BR&languages=pt-br&MS-CV=DGU1mcuYo0WMMp+F.1
https://displaycatalog.mp.microsoft.com/v7.0/products?bigIds=9NK4T09GJCMP,9N3WCCBML0PP,9NPK63GG3SVP,9P9STFSPH997,9N7J727BVHXL,9P71R3N4LM2Z,9N34ZSV95TFJ,9N99W8JZ4CNW,9NB2B9FFRPG8,9NVPWX0148T2,9NWPM5F3BWTR,9PH3TSP67WL2,9NFT7WWD2873,9NDW8VF5GRFT,9N379DS85P5H,9MZ2KK7SS0V0,9NDJ6B77ZJWK,9NGVJPGMX9L0,9N5FLPS0PK17,9MZNDMVZ5QQ9&market=BR&languages=pt-br&MS-CV=DGU1mcuYo0WMMp+F.1
https://displaycatalog.mp.microsoft.com/v7.0/products?bigIds=9NKBH79N7HVW,9NBLGGH3SHM5,9MWGGC7JH35B,9MXWKHJ3VZZH,9MVK5W0HMRP7,9NBLGGH515BD,9NBLGGH5WLR0,9WZDNCRFHWFH,9WZDNCRFJBFJ,9MW8RMSBB5QH,9NF6WPNS1S73,9NCLP4LV5K7Z,9P5NHF9ZP4ST,9PDRM8BFW1X1,9PM7HXJ92D6W,9P2XMXXFQV5G,9PHT4W7WBBDQ,9NPHVDB4XFJP,9N8X6BC9P0CX,9NBLGGH51BMC&market=BR&languages=pt-br&MS-CV=DGU1mcuYo0WMMp+F.1
https://displaycatalog.mp.microsoft.com/v7.0/products?bigIds=9NL0ZTN231DH,9P4056W7J04Z,9PFXDCS9GHF8,9N97D021SH83,9NCR3PH12M87,9N45JD7NR5BT,9PF0F2N6TCZ7,9PNQ7KRWCRW3,9MV6QXBTRJ59,9ND07367KCQ6,9NV94S01M4BS,9NWXCQHHLK6J,9MW6HKV25JR0,9NC9XTF1Q6KW,9NQ301N9FM60,9P2W6Z00QF2J,9N806R0K4ZVC,9NHJNQW3NB67,9NTXB9K820J5,9NZSD35C45GS&market=BR&languages=pt-br&MS-CV=DGU1mcuYo0WMMp+F.1
https://displaycatalog.mp.microsoft.com/v7.0/products?bigIds=9NL58TZJ0Z7L,BZJK8RKQRNKD,BWCNK43VQG1G,BQXVK1V04K2T,BXV4GV63THR1,BST3RQKG8C2T,BRTFKMGZ6RF2,BZ6L6MLKKWN3,9MW2KJNRGQ6G,9MZ0LH892M72,9N218N749SJZ,9NQGJLBRFFH9,9NRS2PHL7FPK,9P0WCX42J6XL,9P4FG1HVM6L1,9NX9732PK1R7,9PLJH78L8D7Z,9MVJ3SNR3T19,9NB77CW5J1TT,9NNPT0NZX54B&market=BR&languages=pt-br&MS-CV=DGU1mcuYo0WMMp+F.1
https://displaycatalog.mp.microsoft.com/v7.0/products?bigIds=9NL82PH84J87,9NX4G02HN7MS,9P427RGRK91M,9PBKJMBM9QM1,9PMMDJ29ZRWQ,9P8K2WP8VXKF,9P9Q1GTTMQCH,9PDCH498W8XQ,9PDHTV2178MP,9P7QR4N2DXT6,9N8NWCSNGV0R,9PKDNVFFZCWX,C4XX6JL0N0DM,BQ2307M831ZG,BP58JN2GVQS8,C1H15FFSH2CB,9NBFQMP69N1S,BR30GBNH63F9,BZ5FXSHHP5SV,BS41PBV1CZSN&market=BR&languages=pt-br&MS-CV=DGU1mcuYo0WMMp+F.1
https://displaycatalog.mp.microsoft.com/v7.0/products?bigIds=9NQ7BD6J0TJ9,9NN3NK85K46C,9NT93GGGT6HJ,9MZJL62F51Z6,9NR75ZPBRXSK,9PMX9NHWXZ4L,9P87BJJNLSBC,9NCV99XHRGFK,9PPF0PRKP8FX,9NKJ7M3G1858,9N5QH3W2CH8F,9NF2RL476M0D,9MXW4BP8GGQ5,9P0L9HQ9TT2V,9P57FS4WCP3G,9MXLR09PX9ZS,9N01J7WRB0XK,9NMNRLQCBBT7,9P0TVJWSBW4X,9P6KJFDKPGJL&market=BR&languages=pt-br&MS-CV=DGU1mcuYo0WMMp+F.1
https://displaycatalog.mp.microsoft.com/v7.0/products?bigIds=9NQLVQTLPRS1,9N27NM3BT3ML,9N07T7TGP6JG,9NKK6CX54183,BRJLJ6RPLQTJ,C2PB7STLJGS0,BP73LMGB1DFD,C4GQQJJSZSZJ,9NDZ7NXFF622,C2GMBPMTHDDK,9PC4C9NLP3ZD,C2MBDNDS3H5W,9PJGM0T0827V,BZR9GX1MVHCG,9PK5G9HBH6NH,C5F2XDQPPJKZ,9N6V2181GHLM,C3QH42WRGM3R,BS9SX4Q6XJRF,C47GZZBMR5WG&market=BR&languages=pt-br&MS-CV=DGU1mcuYo0WMMp+F.1
https://displaycatalog.mp.microsoft.com/v7.0/products?bigIds=9NQS7F51ZLP3,C56L6F8GR9LS,BTBXS3M5QQSM,C53SZPDW3QFW,C0SSJXG14R4T,9MZVTHHJKD3G,BXVGQMLM0C0N,9N9W1JK1X5QJ,C2RQ137HS8L4,BX2CS20ZVL3L,BPD9XZWWFS8T,BTDH0LJRWNWC,BZK6TK63SVMP,C4R1DGLMN22X,BQBC0WHWX9J3,BZ8C3Q470WQ6,BP6L3W5VRV3B,9NDJJQDF411C,BRMV7D6CLMSJ,C1Z2DK71ZRWF&market=BR&languages=pt-br&MS-CV=DGU1mcuYo0WMMp+F.1
https://displaycatalog.mp.microsoft.com/v7.0/products?bigIds=9NQZX7NKSHTH,9NXQN8KHKLFZ,9N4RM0TSQQBM,9P7X79TPZDHD,9NZPH8RG8537,9N7GD5JSLP4Z,9MW87SZ4FFJG,9NQ3N9JL1V5Q,9NXHL5DKCMXS,9N3JZ2T8MJ5B,9NR4TH6TZ2Q3,9NHN77V87F9C,9MTT4HQQVRZR,9P2M2TS30WBT,9PJ2HD784FTN,9N9SQ4X83GDW,9P2CL94BLFFL,9P74SKTVPH9F,9NT5X7P4LB34,9P66GGSJR71M&market=BR&languages=pt-br&MS-CV=DGU1mcuYo0WMMp+F.1
https://displaycatalog.mp.microsoft.com/v7.0/products?bigIds=9NR06QJPMBK5,9P6N45QZR81R,9PNP6Q471KCX,9NRWDZ76WMR0,9NWBL5RPKV4M,9N9253QR6718,9NFXBW6G25C6,9NQMLXPD7HMT,9NQTD67M7MNW,9PLC8SDDDSV5,C2BDPTFLMDMQ,9NZFG3PTRZ7Z,9PB1KW2J9580,9P0L3T82NWKK,9P38JV260RMG,9PFT5ZLKQTNK,9PCBZCFP2L22,9MZS30GT41Q4,9MX1PRMRZQLT,9P9Q5H359HVL&market=BR&languages=pt-br&MS-CV=DGU1mcuYo0WMMp+F.1
https://displaycatalog.mp.microsoft.com/v7.0/products?bigIds=9NRLFL486RJT,9P758LPL2RVB,9NDTQ6M98PGH,9P6JDPXGK975,9N6309KFX0XV,9NGFGC3FNFJH,9NGVH608DGS4,9N6SLHK3DK92,9NH6F1G80C6F,9NPDX6MCJ2FM,9P46GD2BT3SG,9PLC6HN1GN6V,9P6B53W3P6WP,9P6DG39PQ53P,9N4X9BNJ5G32,9PGHSK2QR07H,9NQ99C9HJLSV,9NQ90K0NFVZR,9PB59KL55HDV,9N355W8C68TG&market=BR&languages=pt-br&MS-CV=DGU1mcuYo0WMMp+F.1
https://displaycatalog.mp.microsoft.com/v7.0/products?bigIds=9NS2JVJPFGTQ,9NCB34V82CHR,BQZKFWSZX483,9N8KTVPKX66N,9NP5PZH96PFR,C5DTJ99626K3,BPJ686W6S0NH,9NNX1VVR3KNQ,C12T09DSVP8J,BPSWGQBW7R3G,9P2GTDK0THPQ,9P44F2G24F37,9PNQKHFLD2WQ,9P079R5LGV4T,C1C4DZJPBC2V,9P6KXCFCGB4T,9P9K6RPTCHC3,9P9GSNKX7Q5Z,9NPM7X845XNL,9P481LTRXR7N&market=BR&languages=pt-br&MS-CV=DGU1mcuYo0WMMp+F.1
https://displaycatalog.mp.microsoft.com/v7.0/products?bigIds=9NSF9R8S7CSD,BQQWKGXZGJ17,C38Z8L4RHSHS,9PBJL0NLFMK9,9NT2TQPST9S0,9N39Q75R7G35,BQKKNPKX1C4P,C0N22P73QZ60,C4D86ZHWZ424,BSW8GKBVB5W8,BRVQ1WG51NVG,BNG91PT95LQN,BPBV3PCB0X44,9MT8PTGVHX2P,9NBLGGH1Z6FQ,C3VM0TMWNZ5M,BSMZH25V6V46,BXGRTCJWGLJF,9NPCD8S1ZRVD,9P2WJCRJBMRM&market=BR&languages=pt-br&MS-CV=DGU1mcuYo0WMMp+F.1
https://displaycatalog.mp.microsoft.com/v7.0/products?bigIds=9NVKDVPVGDX7,9NXLHSJ6KS0T,9NZZXCB9GSWD,9P86Q9XSJD3N,9PL5N5NMQ10N,9P1NP7TTQPPH,9PFF9TTNBCSF,9N6X2WMWLCV0,9NW0KSLZWT3Z,9NFM5SMHP1VV,9NT6N36S5Q5G,9NZR1VR33451,9MWGGZQ70PP2,9P4F9QSK611N,9PL5K9XJ9DNC,9N9RJNJCBGL7,9NWTT4BXQ1TD,9P0PX95ZXBXB,9PDZQ6V5Q0W4,9PNBFCCG0LPK&market=BR&languages=pt-br&MS-CV=DGU1mcuYo0WMMp+F.1
https://displaycatalog.mp.microsoft.com/v7.0/products?bigIds=9NW1D5D7L22V,9N6FTC4QJMWN,9PC09KXKZS1B,9N8CD0XZKLP4,9MVTCTDTHH23,9NJDR4G93TH4,C47J6H7MQ27Q,BR0PF83JQV5R,BS18VCF4NLQ9,BVKKVGKJ6GQW,C1C13GGXM7JG,C4FL0L6C09LG,C350VBGGCL6P,BVW5X41MNCTJ,BV4F07T1WH5T,BWXMN4QRZ0VT,C521HDXRTS7F,BTKFDF4DHWRZ,BV0NM309K1TL,BRQH27C9RGXS&market=BR&languages=pt-br&MS-CV=DGU1mcuYo0WMMp+F.1
https://displaycatalog.mp.microsoft.com/v7.0/products?bigIds=9NWDLFG0MBBM,9P42DSXNCCDG,9NR7XDNVP5SW,9NW67XWZXX4V,9P45PGS5XL34,9N8WJ019XV46,9NCVCK2V0KJB,9N05TS4N8FWG,9NS56N80VX1S,9NRTDV0BM382,9PBG5TWZBH4Z,9PCPSNP9C43V,9N9N27PMMFVH,9PP18DTR53DD,9P9ST1XLHZKW,9NN62M16GFFL,9P680HF3GGTV,9PJ58H4JM7S6,9NXGKXK6RD72,9PFSWXRMD478&market=BR&languages=pt-br&MS-CV=DGU1mcuYo0WMMp+F.1
https://displaycatalog.mp.microsoft.com/v7.0/products?bigIds=9NWLPQPRCFQ7,9P2V402QXH62,9NSJ9JPS2P3X,9NBDSDFX1Z1J,9NGQ2QBHPJXM,9PLFX9D63L2S,9PNG7N95J4D8,9PPF534JXXTB,9N846QQ4WDWT,9N7RVQLGJRG2,9NFN4MTFJJVZ,9PC65MVQHLGC,9MVQGD93SV10,9N1BR1LK5QKN,9NHMS63FGKC0,9P1CWVXJ7ZZ3,9P1FQ9T6XG9F,9P9V1D2Q713J,9PD6QNDSV2LL,9PCFLLTQWSD3&market=BR&languages=pt-br&MS-CV=DGU1mcuYo0WMMp+F.1
https://displaycatalog.mp.microsoft.com/v7.0/products?bigIds=9NX3G3Z38CV2,9N14G09PWG74,C41M2F4NWB2S,BS0PFBB91B3V,9PC288TN7R8K,9PGLL77C201J,9PP5G1F0C2B6,BV0K9LMLQ9W5,BZ910SG8ML8X,9NN82NH949D5,9P4Q17HQ2WKW,9NK7HNCG0R8D,9NCFNFTSBM96,BV83SM3191S5,9PFWPNP19F1B,9MZVSHQZ666K,9P87CGF1TCCX,9NC6BX5R7JKC,9NPFJTM4HBH9,9NJG48NJ480C&market=BR&languages=pt-br&MS-CV=DGU1mcuYo0WMMp+F.1
https://displaycatalog.mp.microsoft.com/v7.0/products?bigIds=9NXPBSMHPLTV,9N4TSLZ4STSL,9NLV3X229LG1,9P3STQMKNS70,9NTX53L7BDCQ,9NGH1FK0RJGL,9NHDF1Q6HGMH,BRZ9553VPPBD,9NV2HJQTR4LZ,9P6N7LQ4HZFD,9N4NQJTQRQ1S,9PH2RJ3T6CJS,9P0478ZTXLZ4,9N4FP732SGTN,9PM80QS19D7L,9N3XQ7HX9RQ3,C02DXV9SNM0B,C02H769DRLQX,9P4B2LK7K85H,BX1FZX1X4132&market=BR&languages=pt-br&MS-CV=DGU1mcuYo0WMMp+F.1
https://displaycatalog.mp.microsoft.com/v7.0/products?bigIds=9NXQKPGMHH9G,9NC2HVPRQQ9F,9N7P579VZC33,9NQVDQS2BC10,9NNFFCR5XGZ3,9PHJSGJNX37S,9PDXF172R7VJ,9MZZNL8J2MSZ,9MSMJH3C6TKR,9N8WVMD7J5GQ,9N38MH44JD8P,9N7GG222GTTH,9NLW8WFH4RQT,9NMS4SFNBGBH,9NKVX66J0ZSK,9MXKWW4K9LP2,9N7L81J5XW7T,9P4GS31NHKT7,9MW4RJDRSF78,9P1N07XDL1D4&market=BR&languages=pt-br&MS-CV=DGU1mcuYo0WMMp+F.1
https://displaycatalog.mp.microsoft.com/v7.0/products?bigIds=9NZF5PS3GPPG,9N9KQ0DPJW6R,9PHCDZ7MHHP0,9PN7QBDPPW4N,9P7BW4GN1LR0,9NF63NVSRV4V,9P12B8V1KNJM,9P0G2VR46TDG,9PC188HWR8NZ,9PHJQ7C50LV2,9MT9CDBGNJXP,9NHTNW6KFVZ5,9P08W0Z9BDPV,9P20N3DPBJ9R,9PDK4522SP0F,9PN0R2DGZKMR,9NFL7WZWJ3SP,9NN6BM65S46B,9PH7HG043LDS,9NTHQWXTL5XR&market=BR&languages=pt-br&MS-CV=DGU1mcuYo0WMMp+F.1
https://displaycatalog.mp.microsoft.com/v7.0/products?bigIds=9NZQRXN9B0B0,9PNKWDPBDG5W,BW7QNRL06HB9,BRK1B5GSB6W4,BSCP6SP3QXZ7,9N04RQQ64524,C0VN7PVQJ8C2,BRSZV60TT078,9NBC54MT6KHX,C3BGK0R0KP38,9NX9LJ5JSWH8,BND10J71Q760,BNK358CGCZ9F,BVNRFF9XJ6KM,C17X452NQ0SX,C4FFZTSWHX91,C289KCH8WP0F,BPFXMQVLHFV4,9NJ5K5F4TLS6,C4KCJBLFZ8V7&market=BR&languages=pt-br&MS-CV=DGU1mcuYo0WMMp+F.1
https://displaycatalog.mp.microsoft.com/v7.0/products?bigIds=9P0D5H0DNNFB,9MZ9PFRP8N20,9N4BW1V96BVP,9NJZW9X0PKFF,9PHVQWC39PQV,9PNB74T96654,9N5HDNDWVV34,9NWM90G10DSZ,9NQ97NQBNKKN,9PMB1BRPHVMG,9PBDDZJT1BHQ,9MTKMT5QCFWB,9MT8G9H4MFRW,9N1MZ35D4LG5,9NK2R0L8XXMQ,9NRJFK39MP86,9P65CDXL8JV4,9PDB3SCGHJPF,9PMWD34SB3D8,9P2W3FD5MWN5&market=BR&languages=pt-br&MS-CV=DGU1mcuYo0WMMp+F.1
https://displaycatalog.mp.microsoft.com/v7.0/products?bigIds=9P0R9SC1J6R4,9P6JBT365ZBK,9NM2R4F8C1W2,9NPMPBFC32F2,9NQ83QFW1KVJ,9NZ35G3WCZBV,9N954NC47QN6,9NTTZD91VZJR,9NF4T3PPKT3F,9P01R0P91QVN,9NBN2ZNTTGDV,9PF7LBXW31QZ,9P0WJBVSVSSJ,9NMWKDV98DVT,9MZ1X3Z47DML,9P20ZD4X3CSG,9P4W5FW4NMBN,9N4RBWQ471VX,9P7NKXQ56NBX,9NHPDBPFNGPB&market=BR&languages=pt-br&MS-CV=DGU1mcuYo0WMMp+F.1
https://displaycatalog.mp.microsoft.com/v7.0/products?bigIds=9P149N6SP4Z8,9P483FCN8F24,9PCGBN95R8WF,9PHG0HCQ0NTD,9PJ5L1W4R8TP,9PMN32D2T4VL,9NV98JFG0LKV,9N5SXKWMXQ7X,9NVJ4L71DF5Q,9PD0N6M0QJT2,9NNVKVK6VC4N,9N84CRCZML6T,9P68RNKFFM08,9N2V6S3DJTK0,9NXKDQSGF0GB,9P78PC053BTL,9MVN2T0N8KG8,9MWLDNWLBH1Q,9NWJ6ZCM4F14,9PGZM7TJTKLJ&market=BR&languages=pt-br&MS-CV=DGU1mcuYo0WMMp+F.1
https://displaycatalog.mp.microsoft.com/v7.0/products?bigIds=9P1LXTT8V2B4,9PHNNXSRN7NK,9NWQ4TJKPJ7B,9NKT9Q7VZJ69,9N0NB2FL36GL,9PL843QMNVN7,9P7JR6GLWNR4,9P3M382025Q7,9P3DD7NHBHZQ,9N3HKGTB67ZG,9NSPDV52NTLW,9NMNG4M0T404,9NBVGN6WQ7SR,9PPJ8ZS17CZX,9P6BT35WMC4D,9PL4834FKRTR,9NZDGFLL1WD1,9NG3MM2HKDSM,9P82LLV8FCHN,9MXV2S9XV8ZC&market=BR&languages=pt-br&MS-CV=DGU1mcuYo0WMMp+F.1
https://displaycatalog.mp.microsoft.com/v7.0/products?bigIds=9P3GXQ4R7QR5,9NXMFJK7DSQD,9MW0S9FBHLCP,9NC929HWTX26,9PDRSH2DWSM6,9MT0WG25H6HL,9N9GQ014GWB2,9NP753XMSHT3,9PB95D9W128Z,9MXC39CD0BKW,9N5Z3Q8GQWXW,9NB4J4C23GQH,9NKWFZL6LC8K,9NP9QT391N9C,9NQL6R3TF299,9PLCD46H74QQ,9N36NCRJHR1P,9NVNX112TTT8,9P87J8WBF1SQ,9PGTPGS1W76B&market=BR&languages=pt-br&MS-CV=DGU1mcuYo0WMMp+F.1
https://displaycatalog.mp.microsoft.com/v7.0/products?bigIds=9P3RDVHG5XLM,9MXK2R7Z2K2S,9NLDQSDFLGRN,9PMXH5249DG5,9P6SL7KLQGVC,9PHXRGMKFTDL,9P1TR86WJFBH,9PGZNKXN3QTV,9NJN2LJLZH51,9NW3LHXF3MLN,9PGD2M61C2B9,9N1JSM763WZG,9PPBRG8Z9TNG,9N1VD35FR12C,9NRLMPT89VCC,9N8D9ZLDRP2X,9P3516J9XLXT,9N3K2KW3T8CB,9NWPL968FG4X,9NKQ9RN1CNTK&market=BR&languages=pt-br&MS-CV=DGU1mcuYo0WMMp+F.1
https://displaycatalog.mp.microsoft.com/v7.0/products?bigIds=9P3W7QMHR450,9MV8J6MFJNQV,BP96WRTVD7C1,C48LBRJJCP2L,9PJHCZL8T5J8,9MXM0G8RP4H4,9MZNS9NZ97PF,9NP4BGBLLLXM,9P7VCSGBP9KL,9P8XJRLCLH2P,9PC2BJDXR2LK,9PJGNFWR6MHL,9P16M6LF0QFH,9P6PQLFP9BN0,9NFZJFLDW3VW,BVX4Z50ZBH5Q,9NC781DK18GN,9NNSTP6KJTZ9,9MZN3SMXN824,9PBGCRBQKXTP&market=BR&languages=pt-br&MS-CV=DGU1mcuYo0WMMp+F.1
https://displaycatalog.mp.microsoft.com/v7.0/products?bigIds=9P45LLRNDP1R,BQZ0V5R1HPXF,BRC33X34H2C9,BXW02MW8K8T1,BQ6ZXPCGHGC0,BPP935F82L43,C596V0P64DD6,9PPDLH53M8PM,BQV49GQ2J4Z3,BZK0PF5LXPDV,C36LT5HKHBJP,C3FDP0NTC0JM,C3QWVTZ6HTCB,C5HGQXZ7PZW1,9PBMHT7R51D3,BVFB8CBS75R6,9NV7SS0Q0NVD,C2GM9K7BK6H2,BP95H7BN67D4,BR0FFWBQ0J51&market=BR&languages=pt-br&MS-CV=DGU1mcuYo0WMMp+F.1
https://displaycatalog.mp.microsoft.com/v7.0/products?bigIds=9P46PKQ6C9H3,9MWLH8V4GXT6,9NT57N0G00Q9,9PBXZ93VT0RD,9N9Q4KLX29SV,9N5VZTC4Q6B3,9MT6Q5Z4VTJ6,9N5XQR87ZZ2W,9NQ0ZTK2M328,9PF1MJDCH3V7,9PMW1L9JBM7Q,9NXFS0ZZJ353,9PC09C9W1PJH,9NG37X3WBRNX,9P4R6H39C91J,9PLQHF6VM1ZM,9N5TFNG8QT9Q,9P7D40V1Z07Z,9PJSBFCGWBZ0,9NV6L7P3R5V7&market=BR&languages=pt-br&MS-CV=DGU1mcuYo0WMMp+F.1
https://displaycatalog.mp.microsoft.com/v7.0/products?bigIds=9P5739G419LD,9NTM9HXNLSZX,9P6VZCRGXFMX,9N9WZT3PJ27W,9P698GM5GR3W,9NPVC7S5ZZ7R,9PKRFH8LH70C,9N8D2CG0K9LL,9NPSWGMTPRVW,9N4HS2872GR7,9NQ51FFR2JWF,9PDH3TB5548T,9P3XVD4HH30X,9N0LFRXLDJHZ,9PNRHXZ6ZSS9,9NB993S1TWSH,9P1D3TD1KHLR,9NZ1BL9SMVG4,9NZ90QLG3H0V,9MTD9ZS1G3CC&market=BR&languages=pt-br&MS-CV=DGU1mcuYo0WMMp+F.1
https://displaycatalog.mp.microsoft.com/v7.0/products?bigIds=9P5LZC1KB48V,9PBC1QFBW563,9MZRSLLWKWDV,9NCT87FKQ4GM,9MTXSN4FTFG3,9NWNLS28ZG37,9P2J7WHV0K4N,9NS84HCWZD8B,9P47S7NJGWZL,9PFT1PR924WB,9MZQR8317S3B,9NP6WL1XQDBW,9N1KQPLTR7S5,9MTSBWPWPQVQ,9MWR1NC6VQ6L,9N0B7G9BHRK4,9NXQPGMR917R,9NNLBL0T2Z43,9P75CZFXMS7N,9P1ZVVW7NRR3&market=BR&languages=pt-br&MS-CV=DGU1mcuYo0WMMp+F.1
https://displaycatalog.mp.microsoft.com/v7.0/products?bigIds=9P5PDMB2XQB4,9N7XC3RXCZFT,9P1NV4N3P2LP,C46K1SM5WKKL,BZZ0Q9ZMM7GX,9N2H63Z2GLBC,C1TBTQBVJMFL,BQW91W950J67,BS6WJ2L56B10,BVJLKDG2TX8H,C2VCPPHVBD4C,BXDSG249D6Q2,C28HP82H7MN8,BTQMHK78ZPF9,BR1D9CR82ZM8,BSTM3283756M,9PKP2JGV2BMQ,9P3KHPNFHSRB,9P8RBKXKNFQ0,9NB02Q9V6Q0Z&market=BR&languages=pt-br&MS-CV=DGU1mcuYo0WMMp+F.1
https://displaycatalog.mp.microsoft.com/v7.0/products?bigIds=9P5VB9G9CJ29,9MWLS68W1P7Q,9MWQ083Z7L4F,9PKDX735TR8K,9NGL4GBPXM1G,9NC9RS1V6ZLQ,9NK4NC5LFCQ7,9NBNXX6V9J43,9PNT8QW5292D,9NVQ4ZLJGMDV,9PJFC8RLNPH5,9PN3SWBMPJXJ,9P4Q52VF62MQ,9PLWQJ9VZL34,9NVB51LMXLJF,9P0LXXPWV7JK,9MZP241SM6DH,9P6ZKM2KSSHC,9P28J28WGSPZ,9P5DGQW39CTS&market=BR&languages=pt-br&MS-CV=DGU1mcuYo0WMMp+F.1
https://displaycatalog.mp.microsoft.com/v7.0/products?bigIds=9P675WH90SB4,9NV2VTVG0L31,9NN1Z8LHMFBV,9N6F97F9WGL0,BS46X64QCJ5J,BSLTQT4L0RLV,9N1JLJR48FBG,BZ92FB6PWXFJ,9NXR6469DM2P,9NTM9G539XTT,9NWNX54ZMT1K,C4B8XR1LCXR5,9P65SVC7S9N7,9N5Q1VBD1ZWZ,9NGCPXQG3NLZ,9MZ8RZSD0NFQ,BNN7BPDZ6GQB,BQBTGDT4P54J,BNKKJL1VRR5P,9MX9K92M5CSN&market=BR&languages=pt-br&MS-CV=DGU1mcuYo0WMMp+F.1
https://displaycatalog.mp.microsoft.com/v7.0/products?bigIds=9P6LTJRVJV3B,9PNBM7K445CM,9N1RBCWVGM41,9NNLJ3WWV1QQ,9PB5DX22HVVG,9PC6XJF362SG,9MTS8NRGD94P,9NB64D8K4LPZ,9NND9FC49S22,9N41XQV2S7LP,9PGRHM9FTXJK,9MZLZ24BBJ9S,9NQ4J7JMMH8V,9NW1RV33ZMR5,9PC1S9RGTQ65,9NGSCKMTHPLF,9PPLGC5DCSSD,9NZXT27LPVPM,9NPPWZPHNJ23,9NPWDN0R5WVP&market=BR&languages=pt-br&MS-CV=DGU1mcuYo0WMMp+F.1
https://displaycatalog.mp.microsoft.com/v7.0/products?bigIds=9P6ZKL905TMT,9PK2KH9WR7SB,9MXJZGJC7BJC,9P5MMCTL8MFX,9NX17M8BNTX1,9P44PNW2MKHB,9PMVJR05PFJW,9NV5NT25TZ1J,9N15KXND91S0,9NDP79SDLLLH,9NLNTDTW66CC,9N1T3ZCMNHGG,9P0617LN3SF9,9ND0CG3LM22K,9NJWTJSVGVLJ,9NJDD0JGPP2Q,9N1HF804QXN4,9N94NCGM1Q2N,9P6ZJT035WVV,9NSRJ872SGH7&market=BR&languages=pt-br&MS-CV=DGU1mcuYo0WMMp+F.1
https://displaycatalog.mp.microsoft.com/v7.0/products?bigIds=9P77NJF6WCCN,9PGXV4NZV6XK,9NQNT54RXT6H,9PLFHR52ZJZF,9NN9BT06L6K9,9MW2BZZHLVW0,9NCT9L7NFHX7,9PM6SJBMVQZL,9P9K6RZC55WH,9NP1P1WFS0LB,9NSQBVH6ZC9Z,9PKPX2X0L87G,9N4TSMX3B9C9,9MXDGFXJ4F8K,9N5GLFTT40SN,9P1Z43KRNQD4,9N0ZL12829P4,9N6J02VPG635,9N7CJX93ZGWN,9PNFGB4TRV8C&market=BR&languages=pt-br&MS-CV=DGU1mcuYo0WMMp+F.1
https://displaycatalog.mp.microsoft.com/v7.0/products?bigIds=9P9PQ6XMCXTM,9PDDZ5RZMT9X,9MZ30WZ4HM0G,9N44WK3WV2HJ,9PL1TCJM65LG,9NSBV96X4TQJ,9PPG48674B7R,9MTXQCMX33NV,9N21LG08851P,9NPGL3NWRJH1,9NHTFX2VT9SD,9NC086GNR3CZ,9MZ0LR8BDHKB,9MZGMMZMZZ9D,9NFWFS5FL6X7,9NQGF14ZZQR8,9NXDZ2Z9KB6D,9PHRBSW4Z6S4,9N6LGTVLB0X6,9NCHM3LMH6W2&market=BR&languages=pt-br&MS-CV=DGU1mcuYo0WMMp+F.1
https://displaycatalog.mp.microsoft.com/v7.0/products?bigIds=9PBBWDJNT3ZT,9NXK0NPJBSK0,9PBS515X3XHR,9MZG0KQ795NS,9PNZ627P7LP0,9P5FJ03XJHBX,9PKB08G6JMQF,9N6B2HB2C9XW,9P4Z34DJ9XH3,9MX86NWK00G0,9NQR020NWSSS,9P3XC3JHRFRS,9N8SL149DNG2,9N9JHGX51DDH,9N1V7N0T9W05,9PDPD158GLKD,9PB9TL3M9T48,9P389DSKBJB6,BXLL06QN8HVP,9MZHPZMT1H5X&market=BR&languages=pt-br&MS-CV=DGU1mcuYo0WMMp+F.1
https://displaycatalog.mp.microsoft.com/v7.0/products?bigIds=9PCV36DF3KVC,9N6TKF0F1D2M,9N8XQG79GTGZ,9NCRZW5L1N9M,9NZQPT0MWTD0,BX1DTCBD1HXJ,9NFSR96G6K4N,9PGPQK0XTHRZ,C261457LCNMJ,C0X15TR4NP0B,C5610G5KX0D6,BSGDS8K2HGMF,C3DRG5G7FCB5,BP5HKF86C1NJ,BQL8L17RV09Z,9N2ZK1Z9FD6Z,9PF432CVQBXT,BZ7982MK3FWD,C23CWXL81H3L,BNVPW9NHWNM5&market=BR&languages=pt-br&MS-CV=DGU1mcuYo0WMMp+F.1
https://displaycatalog.mp.microsoft.com/v7.0/products?bigIds=9PD5BM2Z8C4L,9PFLW6WZVJC7,9NLT5XR52ZS7,9NBLGGH5342P,9P8JGTJTQQF4,9NDBKK9G0FHL,9P75CBJ9WT9W,9PBB4QHMSDKR,9PHFTS44F99K,9N015DFDMVK6,9NVRZZJ4NG99,9NG06CSMM97P,9NC4QMRHCNZK,9NWZTB9JQG9S,9MVX1V7W5SW8,9N9WWM5JXCBZ,9MZLRXF2XRBH,9N99XD22CHV9,9MV0KW64X7FZ,9NF6Q7Q2FJ22&market=BR&languages=pt-br&MS-CV=DGU1mcuYo0WMMp+F.1
https://displaycatalog.mp.microsoft.com/v7.0/products?bigIds=9PDK81M75BRW,9N2XHRDKCJPG,9NL75K01XDG5,9NLSBSJS2HSF,9P9WFJ771J26,9MSQJXBM9PLV,9N9MP666WQKR,9NX3P3LFLDC9,9NVPCP39VCFT,9NBSF8X43WHK,9PJLKD3PF64D,9NHQKJM60FQ4,9P323SGXMHS3,9PCQHZR353KT,9PBZLMJZ5MMW,9NM6MCSH9PZT,9P7C9Q5TS6RM,9NHV1D6R9RQ0,9N75KBZ3T4HD,9NF0ZC1JWLKV&market=BR&languages=pt-br&MS-CV=DGU1mcuYo0WMMp+F.1
https://displaycatalog.mp.microsoft.com/v7.0/products?bigIds=9PDM15HL90WD,9NC6FKJBQ4L0,9MW1V5ZTJTNF,9N1GXPXX1LL2,9NQKVGD706DQ,9NZGW95W2M8P,9MZSB375FSHX,9N5VX4KMV8D5,9NFJ5KDFKHH9,9PF0ZDMQB1GM,9P0PHTR8PXHB,9MV4MFL2CZRG,9NQ23188VMMH,9NZ7V2ZQ2J11,9NKBT9GM697F,9PJVW1G3G7K3,9N1WBQ6KLZ1T,9P69WTN7XN1K,9PLXNR5QF4RT,9PGP0J10H2HT&market=BR&languages=pt-br&MS-CV=DGU1mcuYo0WMMp+F.1
https://displaycatalog.mp.microsoft.com/v7.0/products?bigIds=9PDSSNJDN12Z,9N9454J6FFSH,9PNB0227JDL2,9NJK3T2ZHT1H,9N4GZJJR1M84,9P6RGWJBMNVW,9N0V3Q4KV05X,9P2ZZJRHTSW6,9NQVQ5H01BRP,9NSRQQGSFP1N,9PGBGJQ4FDGC,9PNH58MKP48N,9NJV6005G3S6,9NQPG7P44F8S,9PJ1J32P6660,9MXKTG2JC5SN,9P1XTDGDNQXV,9N89K6K08685,9N93NV8BVC71,9NBQ9N4B4G1H&market=BR&languages=pt-br&MS-CV=DGU1mcuYo0WMMp+F.1
https://displaycatalog.mp.microsoft.com/v7.0/products?bigIds=9PF78NC1ZT9G,9PKP9F0NZ5PP,9NR6DRNCZS5Z,9N19RJK9K06K,9NH7CL8QPZXK,9P00HTX0XXRV,9NM88PQGQ83M,9N56MGX620JL,9NRN3D584LD3,9PH01KM12G2V,9N90SBM11LK3,9NL3RMXG4PKV,9NLZJ8SRNJG0,9P3HJ2NBM83N,9PM3Q3DX71P2,9NV49NMTTVQN,9P26NLPCL9Z3,9NQQPGHDG1MW,9N5W57FPPMFJ,9P2Q4FVT6T0M&market=BR&languages=pt-br&MS-CV=DGU1mcuYo0WMMp+F.1
https://displaycatalog.mp.microsoft.com/v7.0/products?bigIds=9PFD00CZJ35V,9PBDC0XZ8TXK,9NB7FZ2GV5N1,BV433V4B23LM,C4PFWZ29P1T1,C5DZH514BX37,9NN7M263513G,9P934697Z4W4,9NMD6VV08WGF,9P9XS9D0LBPV,9NN7NF8N5Q5C,9NPC5398SCQ6,9NJG36MFVR1L,9P5FRHDPNTC6,C2Q32JM0BPZL,C2WKJJ9F5936,BR46KM4D5B9L,9PL4HXW1H502,C29HQ887KH4B,C3KLDKZBHNCZ&market=BR&languages=pt-br&MS-CV=DGU1mcuYo0WMMp+F.1
https://displaycatalog.mp.microsoft.com/v7.0/products?bigIds=9PFNCX51FRR3,9NXSMCKTQ1NK,9PDHXGR7RMW9,9MX3RM04ZJSW,9NH7NLXRGRPF,C31TWNFPZM8P,BZML7G4D84S4,BTMWKT2TJQW6,BRRFGTQX27RV,C4P17ZNX30Q9,BWRJQFQW4C9B,C3ZKW7W0NH8D,BRLB8TW54RW2,9N04QS268GFH,C1MXT06VNZR0,C4N6T3H6LBHS,BVBMFKR5S43D,BQ1Q0BC159Q7,C36Z6T562XLD,BT21Z933PQCH&market=BR&languages=pt-br&MS-CV=DGU1mcuYo0WMMp+F.1
https://displaycatalog.mp.microsoft.com/v7.0/products?bigIds=9PG6BKHRPKND,9PCSHF41PJCJ,9NN3HCKW5TPC,9N3TF03KNTBD,9N9QFGPBH418,9NJ5VQGQH7K1,9PDJWZCWMGZT,9N7JGPF0VQNR,9PD64TCTNMQ9,9NJ6TCQXSDJF,BRX6HS1G5CDK,9P0Q1F7P0KR1,9NBLGJQQBHH4,BQ9T0JF0D3L4,9NG5L58FD3X5,9N3DKKRHSJBT,9N0ZJTH4LPLK,9NB0V51DKXM8,9PBJ40ST48FG,9MSR27KF1Q22&market=BR&languages=pt-br&MS-CV=DGU1mcuYo0WMMp+F.1
https://displaycatalog.mp.microsoft.com/v7.0/products?bigIds=9PGPPZW59JB8,C0DGRH3HK0VK,C488J2NND5LJ,BX2DBXJ4LD8J,C3R4Z5101DZ4,9P8K6ZZ71SX5,BQBQ968QQW82,9PFBBLC9MBDF,BTP7VK91B2Z3,C1TJ5KT8LT9J,BXWM93RWR5XN,C1S60CRC51JC,BS6HBZBJ1TWS,C0X06G413MZR,C3VCWTXHWN1Z,C4RQNBKSLJG7,9P64KV1HQK07,BSB39N2RT01V,BPQ6PCKS8KPX,C1CJ25XTKDSB&market=BR&languages=pt-br&MS-CV=DGU1mcuYo0WMMp+F.1
https://displaycatalog.mp.microsoft.com/v7.0/products?bigIds=9PHFQSMTWX9G,9NK78DF207SD,9NS5GVWS8QPD,9P5P0TB81MGL,9P7WX4XL1PWT,9P8C89QGRXVG,9NLX2WSKQ38V,9N0SWD8JCV82,9N5XBLD93C1Z,9N6FRDMNF81L,9P0D2PTQ0JVK,9P1X3PPSHG91,9PJBS1FNMNJQ,9NSZWLM57K42,9PB94ZQ31BG6,9NMK3DMZJ2WB,9PKVG2FHDVV1,9NN60KTQC3PN,9NZK5R0LF34S,9P8SZLGPGG6R&market=BR&languages=pt-br&MS-CV=DGU1mcuYo0WMMp+F.1
https://displaycatalog.mp.microsoft.com/v7.0/products?bigIds=9PJCJP2MGT9T,9MZWKS88QRS5,9N2FG9RQ7GG7,9NGK6PCGBBCX,9PJ2G8KK1J8V,9N3LKGC788NZ,9P90PC10BZW8,9P99VJTP3K56,9N4W5BSCWMNW,9NDWGLD531FN,9NW551B8NVZL,9PD6GHN4N5K5,9MSW4T1PJVKS,9N7956GBKK5Z,9P7J990DXB4L,9PGPL3M8FVVQ,9PKMHXWGWX83,9N5LQBHSPGLV,9N26QC47DLB4,9MWTZFGTLRHZ&market=BR&languages=pt-br&MS-CV=DGU1mcuYo0WMMp+F.1
https://displaycatalog.mp.microsoft.com/v7.0/products?bigIds=9PJG6QHS9FG6,9N32SGXV516Q,9NMZB5DGN6WP,9PDBZT6BH848,9MVXZMRQXHSF,9P0Z98J1NF4H,9N6BKRNZSKGN,9NQ0MWS0SCBF,9PMJBSWJ7DW8,9NFG0KC8QF41,9P6CB4KXS1SX,9NLPFWB7049S,9NNKV0GD0DVD,9MZ33G9GH5PK,9MTKZJXQDVZZ,9MVLSP3KRQKQ,9NNB071KDKF7,9NZ0WW75MMWP,9NM3TNRPQXLR,9NDM0FGX8FJJ&market=BR&languages=pt-br&MS-CV=DGU1mcuYo0WMMp+F.1
https://displaycatalog.mp.microsoft.com/v7.0/products?bigIds=9PJPZ1DQD0WM,9NF6TK6D2DL9,9NXLNL5JXBZJ,9NM857B8P3SC,9N4TT1T7H400,9N7H29G7G485,9P00J6DXK9LX,9P1CWNG8F7B5,9MVPD3Z5N4QL,9P3SX4QXR5MD,9N0X5NFZTQJK,9MTNPX4WLP10,9NRTXWCZ2ZJ0,9N7LPX50LSCH,9PHNM1C4T968,9MV9JZVB3H19,9PGQ76KP0WJL,9NFZSND3LPPN,9NGDQGHWZX13,9NHMC3SJBGZK&market=BR&languages=pt-br&MS-CV=DGU1mcuYo0WMMp+F.1
https://displaycatalog.mp.microsoft.com/v7.0/products?bigIds=9PKB49N0GRLP,C30CDSRCMGGS,BRVF0X6ZXLBB,9N3F44L0CF2N,C3MGKKXGXB3F,9NT9308XX0V9,9PLFXX54T887,9N60K0KD6XMW,C0RKG4VRGN71,9NW6R6RLH9VJ,C37186X3P4W6,C281GCPLFCN6,BZ8P16VH1GZP,9N05CV7HCQZ0,9NT1ZBBV6WH6,9N7PQ80B145R,9MWWNMH6Z0JH,C0MN5DN8KR3F,BQ1TN1T79V9K,BT5P2X999VH2&market=BR&languages=pt-br&MS-CV=DGU1mcuYo0WMMp+F.1
https://displaycatalog.mp.microsoft.com/v7.0/products?bigIds=9PLG49K93DKK,9MVL16RJDNFB,9N9B1JC4DD2Q,9PHJ6KG3QS78,9NDCJXL11096,9NR0JHG31V5V,9P7TK3GJVH57,9PFH8GDL6FND,9P4W445L49N5,9N2DMQBN9RC4,BNKKL4N4VFWR,9N81WS04WNR5,9NXM6K0WF0X2,9NDCP5TKCWWP,9NXP19FZ7DZ4,9NQZ2B480XLD,9N52CQMFH3BB,9N3R4XZSS38C,BVXM5831ZRG6,9NSJG7L73BRW&market=BR&languages=pt-br&MS-CV=DGU1mcuYo0WMMp+F.1
https://displaycatalog.mp.microsoft.com/v7.0/products?bigIds=9PM85QK6C13H,BWK0Q0RQMH7V,BRXTM276DLPR,C5JGRR1LFVW8,BWL72GR7Z7GK,BRZHFR5XBLQS,9PLMGFWCFZ9G,9NVR4ZQKNBSB,9PN6MTJX8LZD,9NPPK20VCTGM,9N4V8K7Z5RRG,9MZGGWHPKQ4C,9NF83PRZK6K3,9PPBVK3TK83M,9P9S593SLMV7,9NGH2MTP0T44,C27QL5JBKQ8M,9PN3VDFTB5HZ,C2B4T86TXLRS,9MVN4ND41DD3&market=BR&languages=pt-br&MS-CV=DGU1mcuYo0WMMp+F.1
https://displaycatalog.mp.microsoft.com/v7.0/products?bigIds=9PNPL4J19B38,9N8R7XRD48F1,9NRR3V2VB9MZ,9PG6H6DTHW4S,9P0FZ4WW0P3D,9P7178RS82S7,9N711G30MQBR,9ND94XNH2VVD,9NX6TD1K3HVM,9MWV552H829T,9N7360B6MGK6,9NRFS8111GN3,9PM8XDQMKFX7,9NPHZMTGDMFR,9PN4V2W1BQ8P,9P48ZVWGSB42,9P6Q95QCLLVD,9PH7Z0R3ZF7Q,9MX324FNGQVP,9PCHBQ3F5V6Q&market=BR&languages=pt-br&MS-CV=DGU1mcuYo0WMMp+F.1
https://displaycatalog.mp.microsoft.com/v7.0/products?bigIds=9PNQ8758V897,9P8MJ31FBTVF,9MX72P3ZWB6F,9MZQ19CJB2JX,9PPPDJ4G9G9V,9N1ZLV6FV8V0,9N230HDB6JDB,9NFVCW6BLLGT,9NQCHLCXDWDG,9N9B77P5H38S,9NKMXVK50Q3S,9NL5M8GRTHCT,9MTBW414KK0J,9PKVL0BR9KMC,9PMZFBCVTJPT,9NL2C08S1N07,9PK99BZFFRSD,9PFM07GKJ9D4,9N4M375SPMN4,9NL681TLL46G&market=BR&languages=pt-br&MS-CV=DGU1mcuYo0WMMp+F.1
https://displaycatalog.mp.microsoft.com/v7.0/products?bigIds=9PP7XSG5LDH1,9P2J5D12GJL5,9P03JGQ4S1GC,9MX8R81JW1B5,9NT0NT8JQMQN,9NFKN56ZBMR0,9MWD2Z8L1FBQ,9NN8PGK5JDN5,9NBTL551XL5N,9NQV7C0G1040,9NK1FQJ1SMCB,9MV3SSL8ZPB7,9NC0071DJ6XC,9PJDSPZKQD6W,9NGGB0GZPB9D,9NJ0PDX8NDDL,9N2VDJVMFKQ9,9N08S5VPC4SX,9N046HWGQ4J2,9PJ517SDHQPF&market=BR&languages=pt-br&MS-CV=DGU1mcuYo0WMMp+F.1
https://displaycatalog.mp.microsoft.com/v7.0/products?bigIds=9PP9PTP74VNS,9NCL5M3V0RSH,9NDMF3RDFZ1K,9MWJ8WDVC3QW,9P0ZD61G483V,9PKG0KPLKRQT,9MV66R6NLRGT,9PC68N81FH6Q,9PNS7K3VGLMV,9PPNKCB9ZZVV,9NVRQ0VPTS8T,9N8QT1P92R1G,9NZ2FGCWDP2Q,9PMX5GK3GKGQ,BTMWWBXDBR7H,9PLVW2P56H1B,BT97GWV28B9Z,BV2C3G0NXVPZ,BSRB5H3R664Z,BRW1TQX7HM1J&market=BR&languages=pt-br&MS-CV=DGU1mcuYo0WMMp+F.1
https://displaycatalog.mp.microsoft.com/v7.0/products?bigIds=BNT976QZJC80,9NQ0V4DWRK49,C2MHS238PDNS,BVM002M8HH0S,9P4S1BPJLPHZ,BWMZDGGJ19VG,BPS3XF74B9V1,C0GQP41KXPVZ,BRFHK8R9ZX53,9N6L1HXN7044,BP4S3XLJG78M,BTB7HC3ZDL2V,C35NTVN04WK5,BQF41W70ZLSV,BQ216SGGM4M8,C1ZT6N30L1WH,BRFKNLB9B2ZW,BWC95BZPFBS7,BTNTWQD5V8WG,BX1JCFLJT5KX&market=BR&languages=pt-br&MS-CV=DGU1mcuYo0WMMp+F.1
https://displaycatalog.mp.microsoft.com/v7.0/products?bigIds=BPB96BRZ1V3C,9PGNGGWBX1NR,9P91S5ZL1P4D,BS37BWWP2PZ1,BR7X7MVBBQKM,9NV2SQ7N9ZG5,9PJZBB8FWK8H,BS7CR1KN2W1H,BP2KHSW1H0LV,BRQH5GKV7912,9NBLGGH40DCM,9PHH0RQ51S5V,C5DP7MGFR583,BR7H2605L0QQ,BX5M231L9ZTN,BXN9BZW89FHK,BXGCBDSZ51Q0,C210S1DD8BK2,BNQT3LCMJTRS,BRCK1B8950B2&market=BR&languages=pt-br&MS-CV=DGU1mcuYo0WMMp+F.1
https://displaycatalog.mp.microsoft.com/v7.0/products?bigIds=BPDDQWC1NJ3N,BNJTSCTSMXGM,BVMGCSX6XPC9,C3QWNCV55VLL,9NKMR9BW2G2K,9NNW297ZM810,9P0V739HZLBK,9P5L32KRTLJ2,9PJVG73JW2V2,9N6SVBZ4SKHP,BRPVTJKWHBR7,9PKBBTWKG85H,9PLJTMS4S4F1,9MZ11KT5KLP6,9NHKJH1VM10P,9NDH606JXLWJ,9N7H54KNCB9N,9NSSFVCG2959,C4RRVMXPKQ51,BVMMV3Q3ZB1F&market=BR&languages=pt-br&MS-CV=DGU1mcuYo0WMMp+F.1
https://displaycatalog.mp.microsoft.com/v7.0/products?bigIds=BPQT0CXNCMRK,BW9G6TCK52DV,BV6BRSLFJW3W,BXQQQQ8HRBSF,C4L49DLK5R1N,C299QVC2BSJF,BTB6374NZGV3,BZQQ7HX8PZ05,BR2C25ZF5LK7,C4S0FV1HP0DB,C3MPWS9W61S7,C1H9V6SLK2K5,C0SFCF4PBRSZ,BP3GH4D3HP2H,BRHSML8030ZN,BZGZ3G053NTH,BQBQ98VM5FS2,BS5NB0DWLTP0,BWTRGX57577H,BT7M0N12GN51&market=BR&languages=pt-br&MS-CV=DGU1mcuYo0WMMp+F.1
https://displaycatalog.mp.microsoft.com/v7.0/products?bigIds=BPTWSRMJH2JF,C34NB0F1B5WQ,9NKG0X1MGQTX,BRGVJJB8S6FV,C098FGNMTS8F,BP48G8SN49JF,BNKSTXP3MC7J,BQHCTFQ14DFK,9P8RQH67TTT1,9P1SJ041LF3J,9N60PDBXC0MB,BXHMPV1JT9WH,C1H74N0TR8KT,9P4NJFH17MRT,C3QJ2Z8Q7HFR,BNTDMDCHX2M7,BQM9V0PJ0R36,BSLX1RNXR6H7,9N8XHNXGNZB5,9NZKJ17BBH50&market=BR&languages=pt-br&MS-CV=DGU1mcuYo0WMMp+F.1
https://displaycatalog.mp.microsoft.com/v7.0/products?bigIds=BQ2NNLQPS8RS,9P3RMG6MSCFB,BW08NW03FX4R,BSNZHRCKC13J,9PG28RXDG9GQ,BP9JQBJM0FNW,9PJPV2PC3MWR,9PN9WG83X4XF,9P3MGM8ZCS5D,C1LM235H6FZ1,9P6JQDDZ2MQB,9MW7H0DVS9T6,9PPR8SWR8SXK,9NC9TNXS9C8G,BVR64CDJ01FJ,BSJG7TTSWVJ2,BX27S00SKW1V,9MTTMQ6WSDP8,BRN6BHDHB58J,C0JN2J76L7C9&market=BR&languages=pt-br&MS-CV=DGU1mcuYo0WMMp+F.1
https://displaycatalog.mp.microsoft.com/v7.0/products?bigIds=BQ81KKJMM7ZD,BZ2N7TQ0XCF2,9N7GCF5SGCXC,9N360TZQZ0TR,BR7QJW8V9L2S,9NJWFF2KHL6H,9PPFBQG81Q5J,BTPDCJXNFSZL,9NX6XGVJ0J3D,BRG51C5MWFSG,9MXPZ33Z9PWH,9N5PHZ0D92LD,9NR7LV9PB9SD,BNRX1DN6GXM6,BRT1K9FV4LRR,C5DZFZ6NC5SQ,9PNNV537W2SN,9P0FQ0XCV0LB,BQMQ3K1BLV1T,9NPKKNBJ258V&market=BR&languages=pt-br&MS-CV=DGU1mcuYo0WMMp+F.1
https://displaycatalog.mp.microsoft.com/v7.0/products?bigIds=BQC3DCLTWH3R,C1NL49GLS561,C20W5LX41N6M,BVMM601GHXZ6,BQXWH8FJK3V0,BX3JNK07Z6QK,C47VK1FQBPND,C0CDN1S0C9TS,9PJTHRNVH62H,9N1JLBJT7DNX,9P9B49B7Q30H,9PBQN2MS4X1V,9PLBBNM3F993,9NF3WB599MD5,9MZCQQK860T1,9P66WCGZ5QJH,9N9Q21DVHMX3,9P39WGC7LDXP,9NWVBT5KZQKK,9N0JW9LWVDJP&market=BR&languages=pt-br&MS-CV=DGU1mcuYo0WMMp+F.1
https://displaycatalog.mp.microsoft.com/v7.0/products?bigIds=BQKSXQGJTN43,9N5P2152RBPM,BNRN5CLM2ZQH,9PH339L3Z99C,BRB2XN908F4K,C1N2LVW7NNJ7,BXV82FZ6Q2H9,BS2MMFVLKXRK,BPV04QGBN8J8,C2JLJJ4LT3PT,9PBLH1322GX0,BSRVV8TJGVVZ,BPN65MSHS43G,BT0FF7LH14HV,BT3RWJD102LX,BZBX8JFCDBPR,BX2JJ48F0CKR,BXDH919M16G9,BXZ0JDCPRV6C,BXSGS7T2CRH1&market=BR&languages=pt-br&MS-CV=DGU1mcuYo0WMMp+F.1
https://displaycatalog.mp.microsoft.com/v7.0/products?bigIds=BQNGBLLH41P6,C1B6DL0T68Q5,9P6XD4F453DG,9P270NDWMQ2H,BQMPTJ2MVCQJ,9P4V8W4B64H1,9P0Q4026VC1P,9NWRQR6CCH7J,9N29JQDXJSZ0,9PC3RXQ6GC2Z,9PN79PHL21P5,9NHRX437ZDKX,9NN5GHDD4NPG,9NLK50VNRKZQ,9NLMWX17GWLF,9P2G1PT9B7D4,9MXGW3Z8TS4W,9NPDKHQX3QPH,9NPHGWWFPVCX,9N35THVS231C&market=BR&languages=pt-br&MS-CV=DGU1mcuYo0WMMp+F.1
https://displaycatalog.mp.microsoft.com/v7.0/products?bigIds=BQVQTL3PCH05,C3QT3QJ9GZPL,C20FH72T45NK,BPW6DQR9RPD9,BPPZVT8BZ15N,BZ0C0PJ24GN8,C4VKLMG1HLZW,BSRMNB8P5VFF,BZSWRLXJM182,BZS8JCCJW4R6,BSSVQ12JCBNH,C2GG08DB7WTT,C0K72P573FSC,BV073NP0Q3XL,C501VQFW8FQG,C0W6P6N2Q4QF,BVBZ8DC2WFF6,C0GWTPD0S8S1,C3DT5H21Q8MC,BXBJQ1932138&market=BR&languages=pt-br&MS-CV=DGU1mcuYo0WMMp+F.1
https://displaycatalog.mp.microsoft.com/v7.0/products?bigIds=BQXTS0SX4W0N,C4S60FPWF4XN,BRRN3ZC632XS,9PBNGCVBGML0,9NJRX71M5X9P,BRX56LQJMZ4G,C03J6WR23XQ9,C0G91V37489H,9N06V8XJ5G7L,9NVQBQ3F6W9W,BX8J66WFQ1VK,BX03760D0QGN,BQD5WRRP2D6Q,C1XHZ605DZPG,BR1QZ16D82Q4,BZP3R43F8DNH,BQ9S8ZKCT3Q7,BTC0L0BW6LWC,BWPV4QXW8W2C,BW9TWC8L4JCS&market=BR&languages=pt-br&MS-CV=DGU1mcuYo0WMMp+F.1
https://displaycatalog.mp.microsoft.com/v7.0/products?bigIds=BRW7FLNQ19PK,9N4RSG99KV1X,BV05F8VT7JJ4,BWVBNCMF22ZK,C10GWTNNNBZ8,9NBJG075JFJ5,C35S5BRNWL70,BRBD7BDK271P,9NN3V58FXZJV,9NC944T50735,BQJKD0DJ1Q8J,C0NZWZF27K7W,9N9LJ3N3TRZX,9NT4X7P8B9NB,9N36FD821RJ5,C135285K8B33,BWHFZNSL0PB5,C55B4NCBVQ8F,C4GH8N6ZXG5L,C4HB1XWT02DK&market=BR&languages=pt-br&MS-CV=DGU1mcuYo0WMMp+F.1
https://displaycatalog.mp.microsoft.com/v7.0/products?bigIds=BS1V82FLTGKJ,9P5V3QQPKLXN,9NBLGGH537BL,C4DMGRPNSHXG,9P3J32CTXLRZ,BZGBDSSP6G2J,BRQGNR1PZHP4,BNZQJ2FBTDM7,C1WRX8ZD77M9,BZX2GNKXKNHL,BS2S6B326WJD,9NJN1MC1X5FK,9NLCVDB447QZ,BNQQ3WVBNZCQ,C20209H1D7LZ,BNKDKQXMXRR2,BV6MJX1TDL17,9NXQ7HHKJVPJ,BPKVH4C4XV4N,BV701FMDP6SX&market=BR&languages=pt-br&MS-CV=DGU1mcuYo0WMMp+F.1
https://displaycatalog.mp.microsoft.com/v7.0/products?bigIds=BS70ZCL9NZ9N,9NWNH3XC6P2J,9PJL0VR9K32X,9P1RSQ5MGPCR,9NBLGGH556N4,9P798W4VDT91,9NRMXFFD3K13,9N8Q2DKWVLNX,C57L9GR0HHB7,C1JXWJR46913,9P6CPB2M27WX,C3VNJHHD7MM4,BNLWDLTJ5D68,BPT4J5TL5B4Z,C0MKH58NBHRG,BV95S3CSP2DW,9P7JBQJ691KL,BZFB1F31614J,BNQ94HH98ZTP,BXT6TD05Q930&market=BR&languages=pt-br&MS-CV=DGU1mcuYo0WMMp+F.1
https://displaycatalog.mp.microsoft.com/v7.0/products?bigIds=BSC0RPMPF8VH,C1S43G7ML8PD,9NB2KCX4G29S,C016H4M7FPRC,BRRC2BP0G9P0,9NKC1Z4Z92VN,9N9Z4S1RD397,9N2CTV36Z5S6,9N6HB778ZWP2,9N4HXL0QZ5TZ,9MWB0Z2Q8X3G,C2VB1P2PKND8,9NP1B2V92QZX,BZP6X6HKWG1G,BV6WLXGS887C,BP664P1CXKKF,9NVXG7J42N74,9MW9469V91LM,C26K4DVGR45B,C0FCRDZS2H9S&market=BR&languages=pt-br&MS-CV=DGU1mcuYo0WMMp+F.1
https://displaycatalog.mp.microsoft.com/v7.0/products?bigIds=BSCCQL7DZ9KD,BZF7N4FQWHNR,9P1P5Q3BNM7J,9PJD2KMX7TZ6,BS34VNW7H61F,BTJ0T8C04ZBV,9P5VMG8D4P4B,BQMVWCMB8P59,9NQ73XB1Q5ZG,C5HHPG1TXDNG,9P34LH5ZWBVG,BPNDKQN84N6L,BR27BSZ2M3SR,9NH2J7X3MPB0,9PDRJWHBSK88,9NRBH9HS807L,9NNZJ389GSW2,9MZCCHNRK9R1,9MX7Q207JGTW,9PL36RW9ZTPW&market=BR&languages=pt-br&MS-CV=DGU1mcuYo0WMMp+F.1
https://displaycatalog.mp.microsoft.com/v7.0/products?bigIds=BSHZGCGJNCN5,C17GQF31D617,C3NNLTHW9T9W,BQ49WQ00XTWX,C43BGCBS0TVL,BP63MT1VJV6X,C27LHB0DH095,C4HXGZ1X0881,BRZXWGJ2NB2H,C1F1HJK2NJPJ,BPKQZ245CQ2H,C0SX9NVMVQG9,BNBD3KT0ZW90,BRB2J2GKCC3H,9MZB2GPB9HJ6,9N5R8VZKH4CD,9NGGH0QJKHB8,9NK74DJTS5T8,9NTS1SHD86BF,9NM3DSGF2G3H&market=BR&languages=pt-br&MS-CV=DGU1mcuYo0WMMp+F.1
https://displaycatalog.mp.microsoft.com/v7.0/products?bigIds=BSR9NLHVF1KL,BWKXQC5BL5R1,BRPGP6H8P26F,BZ4T3D950PWZ,BVM1NFSWDH0M,9MXGN9TVW43K,9NG4JZ7VWD5T,BZ271JBBZ9DC,C3LHC2TSFQGD,BWT2GPVWCH2F,C4PCN1CK76MR,BSM6ZPCDSJ0N,C364NL8Z5CS5,C55380PPRVZ7,BNJLMB6JQT98,C0FQ7LLZS485,BTR895WW0NZW,BR47R4J78FH8,C2W2WF8QHL9M,C11GZGMKRTCV&market=BR&languages=pt-br&MS-CV=DGU1mcuYo0WMMp+F.1
https://displaycatalog.mp.microsoft.com/v7.0/products?bigIds=BT07CDVG6Z9G,BNWBBMNNBBN2,C4Z7QM8FSXM2,9P4TCKR37TLZ,BRVM8RNWLXH1,C0GMW8QH429T,C4XB8HD7BZG5,9N863WLSHZGV,9NPP17LHJ3MK,C2HCDG7L1469,BNQSZ6ZS57B0,C0W8DRKPV6P4,9P4SH7HLMLFS,9NS3673HVH41,BQRB60PW2SDL,BNVMW9KWTJH0,C3D891Z6TNQM,BXWJNW4170RM,BVH2R2SBWL51,BZF309Q32MDT&market=BR&languages=pt-br&MS-CV=DGU1mcuYo0WMMp+F.1
https://displaycatalog.mp.microsoft.com/v7.0/products?bigIds=BT21JH17GCVC,BPRPQSKXTD1L,C3LW50BQJ878,9NSHNMCM0JR8,9PBN02CTMRTH,9N41GPSBQH42,9P3C1LZ601P8,9N18KNMWWFMZ,9NRFDW1KLM6S,9NBFGKQLMV33,BVGH0BLWLR52,9P6F6TBGGVK3,BQ9RPND47T2F,BX7SDTW00ZRS,C1WMQR16L9GC,C4VFVZGF3480,C0KJ40T9QD86,BWKLFHWT7DHC,9NK5QLGGGBPC,9NFT6MRTH9KV&market=BR&languages=pt-br&MS-CV=DGU1mcuYo0WMMp+F.1
https://displaycatalog.mp.microsoft.com/v7.0/products?bigIds=BT5X0XGCWGD6,C0QVR372HZ91,C27XPR5XDMFT,9N3L5FF8M6SW,BQXVSGCX6K8W,BRKMHZX1RCF2,BVL0GLLKHZ6H,BZFK7WNK7R4M,BQ2F1LGNL6M1,BRGLM9V090GW,9MZ0SR207MG8,C4H36B87SVL1,C2MTG1SB3S11,C0CB2CVZVSNR,BPD060GWC3T0,C2KJR9VG1L97,BTTMHZ66L2FQ,BNQCGR7BX08D,C2MP3X67VWNV,BNBLC4ZGFNKB&market=BR&languages=pt-br&MS-CV=DGU1mcuYo0WMMp+F.1
https://displaycatalog.mp.microsoft.com/v7.0/products?bigIds=BTNQR63WQV3G,BP4TTT81TPPK,BTMS1PXLQ6P6,C4B39136C8KR,BQN4N3CGBV1N,C1B77BPDGKZ4,C17DJVSST02N,BVWRSNPHKW8Q,BVCVS12P1H14,C2M8HBNVPT1T,BXZSX21X0S7X,C41N44F9BZHT,C07J3ZJPGX6Z,BPKDQSSFQ9WV,BRH7S5QHZ0Q8,BS68QN8SV1BN,C1365LM1Q2DK,C3QDH0Z7DV31,C43H00X6KZRJ,9PML6GRKCQ00&market=BR&languages=pt-br&MS-CV=DGU1mcuYo0WMMp+F.1
https://displaycatalog.mp.microsoft.com/v7.0/products?bigIds=BV9CWVQWNS4P,9MX1ZZ46W88X,C11HCJPQFHH7,9PL75HZNHP4Q,9P3GFH1DX3CK,9NVPM74DD797,9MW61SW6H24J,BZ3CVPFPDSHK,9NZZVB747LN4,C4RR6ST0P1X7,9P9WMJ1295TJ,C2KDNLT2H7DM,BPRC68M9R1JZ,C1FJZ2L207F1,BVN7QFPDX1CF,BX3FLX00BGV2,BQSCNS1T8PHQ,C3NHWKLR94M9,C1LD4244XCNJ,C4QZ3K528LBQ&market=BR&languages=pt-br&MS-CV=DGU1mcuYo0WMMp+F.1
https://displaycatalog.mp.microsoft.com/v7.0/products?bigIds=BVTKN6CQ8W5F,9N26TKM4N4J1,C2HQVXVVLMKG,C2DCJ95ZXBMS,C4R4RB3SB1NN,BP6V6QZBMFP0,BZQZ3LPZB5MQ,BXZXM945LV54,BQZ10L79X0FP,C26NJ29TKZ1W,BVXMRFGQP17J,C5FNHQSQMSL6,BZX8LHQFCCRH,BXC7CS90NX6S,BV26R4HMV7D3,BVWWJSGC7789,BWSQ6832LWNL,BZKS084ZSXJ4,BS5RXLL3WQ2J,9NB65S6LFZRT&market=BR&languages=pt-br&MS-CV=DGU1mcuYo0WMMp+F.1
https://displaycatalog.mp.microsoft.com/v7.0/products?bigIds=BWMH951M3G3P,9MXSDJXFZQ25,C2SJKSQW03VG,BPG82PZ92FL0,BV2ZVP7PJZWL,BW8JQLJ2GDT8,9PGSCB1X2P7G,BSLGLG8P9T01,BX4J85JZNGXQ,BPX2DBJS60SQ,BSS43MTLGFQR,BR1JD76JZ6H5,C4MFC7S8RSBF,C2FCHJG6RNPR,C50KFXWMQSFW,C0ZGJTXHK3P7,BVC44J7FF2QB,BQW8J8XM62JW,9PFKHJH25TFF,9NQW61WN3NF1&market=BR&languages=pt-br&MS-CV=DGU1mcuYo0WMMp+F.1
https://displaycatalog.mp.microsoft.com/v7.0/products?bigIds=BWNQM65KQK6H,9N51S9QZMSB6,9N833N5FFF9P,9N1C74G2JXHM,9NKFWVBDLC2W,BRZZLBF5T245,9PBHXGWZTS2N,BPBM245RV0N9,C3HH84MVXD11,9PJRSMJ5PSD1,9NQZF3S02FGF,9NXVC0482QS5,9N7N7XG4ZJFL,9MXND4PQLK3W,BT259H6M8L07,BNNMLWZRNQF6,BRKX5CRMRTC2,BQG162F04T2L,BNVMH8NVCRCT,9NNV4Z82MBMH&market=BR&languages=pt-br&MS-CV=DGU1mcuYo0WMMp+F.1
https://displaycatalog.mp.microsoft.com/v7.0/products?bigIds=BWP0Q27QDNWQ,BPV56ZX2B8PJ,BNMRPFLB3PQW,BXBM72LSWFJ0,BQK0CKSDMTP4,BR76VBTV0NK0,C24SVX28PNWM,C1ZCZ85JMT3R,BNWM9F3C08B6,BZVPNM21TCJC,9NZV89BQ8ZWX,C42KCJCLX6MX,C3HQKX3B35PD,C2S06Z61NJ9J,C45KV8Q992HV,BTJN2TF71BR0,BQWGBMCKRMSQ,C1ZSX0Z50VW2,C3K10N1VQTNB,C363Q6CVHJ7X&market=BR&languages=pt-br&MS-CV=DGU1mcuYo0WMMp+F.1
https://displaycatalog.mp.microsoft.com/v7.0/products?bigIds=BWZ8BZ85X5HK,9MT364N9QK38,9PDGC1Z6ZHTP,9N27DBP8GNNB,9NZ5QW71X49G,9PGSC3PW4N8Z,9NCG3X89KRLD,9NFZ65KKJ10X,9NRDVCW02JD7,9PCCFDH6LMQJ,9N9606CC950J,9N6PB00DXQ7H,9PJ6C03ZLLQV,9N4K8K2ZGF1L,BW85KQB8Q31M,C596FKDKMQN7,C083G6BGJ334,9P6W2Q41BB8V,9N673ZL1TCS7,BNCZHKWRZ7BR&market=BR&languages=pt-br&MS-CV=DGU1mcuYo0WMMp+F.1
https://displaycatalog.mp.microsoft.com/v7.0/products?bigIds=BX1WPT5RJSB2,BS12VXVR47X0,BP3J6W71NHMP,9MSRMB4L8LRJ,9NP6V9LFVJ87,9N5FBD97PC72,9NLHWTCWLKGX,9NVVSHQ771WG,9N69G2L33Z7S,9PBN5HM4GZ21,9P778MQ2JPKC,9PB3FDWRWB9L,9NVVJ8TBD7KP,9P6FTM76L1S7,9NWGTQ9N9SDK,9NQ2CB7Z7J0W,9P0BD1B6351B,9ND3Z0QH0NKB,BRL7GC0GP1BM,9NL4KTK0N4CG&market=BR&languages=pt-br&MS-CV=DGU1mcuYo0WMMp+F.1
https://displaycatalog.mp.microsoft.com/v7.0/products?bigIds=BXCVNFBPZHXQ,BQ023H8GXZ3T,C0X2HNVH08FB,9NMD5CV9T9D6,BQPG2509CVJP,BVXG5MD1R3WC,BXVQ8M4J9HNM,BP15SF17LH13,9P1RPXHWZ1C7,C3VVNLQQ54F8,BPMJ413V6BB2,BX91DHSR4C5T,C2Z9D406G0KQ,9NZP81BP50XQ,BPHQQN22GB7L,9PGTZH51B3S8,C4VLMWJWM7BG,BPP4NB1CKGP1,BQLMFLL88BSW,C5CX546FNJLG&market=BR&languages=pt-br&MS-CV=DGU1mcuYo0WMMp+F.1
https://displaycatalog.mp.microsoft.com/v7.0/products?bigIds=BXJ5GK6MCMVJ,C2NC88M7NWZ1,BVT6GR25FKCF,BR751B3H533G,BWPCN7FLMV53,C2MX0RPZKR53,BS97KVXLT9LK,9NVBKDF85W8T,9PCJS4XW5LHL,9NVPW693DS8B,9NQQ8B4PJR25,9P91PLSLZBKW,9NKHKBQJSSC3,9PNC9Z13SG3F,9NWZ8VVR0JVD,9N951JR9T3FX,9NRF1RCK2S8T,9P9MC8B7R5FP,BTKGPC4331HC,9N6Z8DQXSQWH&market=BR&languages=pt-br&MS-CV=DGU1mcuYo0WMMp+F.1
https://displaycatalog.mp.microsoft.com/v7.0/products?bigIds=BXSPZM4KZS5F,9NMP9B9KMKLF,BR8C26FGQ9QQ,BQ0WGG6B6X2H,C3Q8BGFJZ05N,9NKFJTR38N6Z,BX2045HX10WS,BTX10NSL9P28,BVN6M64JCHTL,BXGSG9J32FLJ,C0SN83QXPL00,9NMBK4V30XJR,C4GSVXGF65TT,C1XGWGM2W106,BRWJS8P512VF,C48ZFTBQ17Q3,BQKSTGWVCVTJ,BS95882KBB4F,BTVQW5LF9JPV,C02SL8LBS5K2&market=BR&languages=pt-br&MS-CV=DGU1mcuYo0WMMp+F.1
https://displaycatalog.mp.microsoft.com/v7.0/products?bigIds=BZ6XWGQZK45H,9PL3M45QSMVT,9NNVNJ54S273,9P80HQM9SHCB,9N62D9C2HZX3,9N61FL5WCCF6,9P8VLP7325GN,9P3SL80V60J1,9MXN312HMKK5,9MTNHLG0L461,9NHXSG62QD2L,9NBVQCNMPBPH,9NMR80XTB47H,9PCVN6LRVV13,9MTCW6PSSWVS,9PF6C3S3TB07,9P4DN9WBP9RV,9MZ4W3B6PB66,9PGMXQVSBX5R,9MWFTJF7G5XF&market=BR&languages=pt-br&MS-CV=DGU1mcuYo0WMMp+F.1
https://displaycatalog.mp.microsoft.com/v7.0/products?bigIds=BZZX30G7MBFZ,C50F2WS79THT,9PPMMGT8FJQN,9PD4JFNZCZ90,9N1548602HH1,9P2688LZXW86,9P1HX37NMJLT,9PHW7BZS9P7Z,9PHX8ZDKSK5J,9P731FVPM8WW,9PBMM0F96D00,9NBR2ZSD99FX,9PLDLMPLR7JV,BXX0NHDR1FNZ,9MX4DXKMSCZW,C27W5Q3P0KJ7,C0C3QC3J5JX2,9PJ06TZX4NMH,C3PB0BP0G04L,C5DB629HCWPK&market=BR&languages=pt-br&MS-CV=DGU1mcuYo0WMMp+F.1
https://displaycatalog.mp.microsoft.com/v7.0/products?bigIds=C006S0X5ZJSB,9NVK1W7L093S,BTWXL6VXS87B,C1L1H227Q0JR,C20VH7BD75NG,BP25WLQVLF30,BRL99QVV2BF3,9NN69HFJ8SX1,BVZ0D05W8MP2,BW050BMB7FD7,BXDT91NTZNDV,BVFF56S7PXFJ,BV8NQM6GF6Z5,C28VPJV3NZM9,BPX57N768756,BZZP5HFC3PGJ,C0TMGF97V9LJ,BTQP8RRP1PKD,BNXLPPCVS0HN,C52HDXHZV2KR&market=BR&languages=pt-br&MS-CV=DGU1mcuYo0WMMp+F.1
https://displaycatalog.mp.microsoft.com/v7.0/products?bigIds=C0G1L18DT97K,C08JXNK0VG5L,C4BTWD7XQ91P,C355T88BBX1S,C181BBDG2NT5,C4LLMHFQ1BXQ,C5FWJGBXCVX4,BNRH7BRC1D02,BVBQ72FDB4LK,BPBPGV9MXWPB,BSQ928V7VD2W,BTJXDHNM2TCS,BT2B17V20D1P,BXZLCHZT8NDF,BZJ13K1JKGLP,BZHS2XCVV5T3,9PFPM1P9HQN6,9P3ZDHTGC23P,9PFNW2CKS8Q7,9NSQ47R2TJ0W&market=BR&languages=pt-br&MS-CV=DGU1mcuYo0WMMp+F.1
https://displaycatalog.mp.microsoft.com/v7.0/products?bigIds=C0GG86060VF8,BPVP56VRVLZ7,BTSQF5T410C6,BP2KH5ZV0GRK,C2NNGCPR2XP8,BQ4J4CST4H41,BTBMZQ3FM2V8,BZ5WXVG6180X,C051SCLQ3W25,BXSP3TS3RMFP,C2QCKTNWJNWB,BZDK396HW2G8,BXHQB8CKJNVR,9P513P4MWC71,9MXC338HGXFH,C0PK4504XSCN,9NP046630C9Z,BPBJ48S1VM0X,C4P9QWXCHKNJ,C5KDXM27B23F&market=BR&languages=pt-br&MS-CV=DGU1mcuYo0WMMp+F.1
https://displaycatalog.mp.microsoft.com/v7.0/products?bigIds=C125W9BG2K0V,BV9ML45J2Q5V,9NMG7ZJ9XK0H,C3B1V55CDL0C,9NG8RK1F3HCC,9NXGTWGKSW3Z,C2BD1F6CB3L5,BPQ955FQFPH6,C2T9S41WVCMF,9N9HW342BZ2X,9N9GL8NX4WW8,9PF24FN9BZ69,BR1ZD21DCXJR,BPHSZ44NGDB2,9NVJWR50KRXX,9N872VFSPPQL,C4PZ0V39GXN2,C4M5BK5HMGJD,C59QBPB8P1XJ,9PFQTLC9BHFB&market=BR&languages=pt-br&MS-CV=DGU1mcuYo0WMMp+F.1
https://displaycatalog.mp.microsoft.com/v7.0/products?bigIds=C1F2PF1C2H7C,C2S4B065B6J1,9MZ24L5PKJX5,9P5TDCX9TVJJ,9PGZD4474TV5,9P9M6L1P16W3,9MWN1ZNGM7MV,C1NNZ5S892C4,9P902BNG7621,9NVV53VV7NCK,C2MT3KNP86GW,BQ65SF6V8J7N,BQZ62WZQBPWH,BNLRS5P1KZXN,C23W7D7745LT,C2WG3RNSGFV7,C0LSD23RQ10K,BRZ8B5RSTKCG,C2PN98HX8DSR,9NZS0R3Q37XT&market=BR&languages=pt-br&MS-CV=DGU1mcuYo0WMMp+F.1
https://displaycatalog.mp.microsoft.com/v7.0/products?bigIds=C1SPD35KVPJ0,BQ30J3N2LPZX,BVWMP1MBMNCP,BP6WD717XGMT,9NJBX726M8J9,9MZW2FHGT7HK,9PM00X4W9SJX,9N6FZ0F2VFXL,9P3BDLM46TJN,9PJGGX9XJXPB,9NVTR0ZVLDGM,9N944BP7SMCG,9MW2RGQ5G5QW,9N3HS1Q4B8QK,9PC44QBXSSS6,C3585Q6D4BFT,BQMWB8LGQX81,C0VQBXFNZ1Q0,C40860J5R2MP,BVJRH8WMB3BG&market=BR&languages=pt-br&MS-CV=DGU1mcuYo0WMMp+F.1
https://displaycatalog.mp.microsoft.com/v7.0/products?bigIds=C2127MDWMZTB,BQT9LF5VCDPC,BNS4NCFZJDB0,9N5NRVZTKBPX,9P3NZCCVQ0XB,C46J5M9FS4N6,C2HGK9J5367F,C46KTZB9HK8B,9PFK1TLLZGXD,BWCF86S64BWW,9NKX70BBCDRN,9PDGWZPKCBT6,BPL68T0XK96W,C0723XB6XJSX,9MTLKM2DJMZ2,9P5MBBFF3RNT,C3JSDBR0WXDX,9PD5BFNZ4V7K,C0JGM6GN04BV,BZRK5C951KK7&market=BR&languages=pt-br&MS-CV=DGU1mcuYo0WMMp+F.1
https://displaycatalog.mp.microsoft.com/v7.0/products?bigIds=C22T53SQ7FLM,9NKPWB4J476X,9PHZ6MLV5NDD,9N8NJ74FZTG9,9NCVXFKZNKN6,9N87DV1CSMXK,9PLT62LRF9V7,BVFDTJ1XF6CS,C205FBSPZ3W8,BTNPS60N3114,BRQ2SCZCTXF2,BTT25GGLG6KD,9NCDXTH8LKN6,9N442DM2MD6F,BTCS0LP052HL,BNQD9TWQ10PC,C1QJM5XT9SXV,9N64FV6P68RL,9NXMBTB02ZSF,9N1P6ZT92LNT&market=BR&languages=pt-br&MS-CV=DGU1mcuYo0WMMp+F.1
https://displaycatalog.mp.microsoft.com/v7.0/products?bigIds=C232CL8LQQ9N,9PP5HXGH2B0D,C2SBLMSQ5H73,9NRPTTJ94PCK,BW4BKDN4WT8F,C3FXTTH4NFQN,BWLZ0FPRRG29,BS8LFD7729CL,BV26W4BTCLKG,BXXGLRWTNXP1,9PBX8G0DZ8PJ,BSTXLSRZWKH8,BPC739P6MTQK,BVJNXD9V4FVP,C53VG0G9SDG1,9N1R83CKGZJP,BW1WF4K45C78,9NB80T1XC43B,9NH5NCHGQGVR,9NRMQNR8H423&market=BR&languages=pt-br&MS-CV=DGU1mcuYo0WMMp+F.1
https://displaycatalog.mp.microsoft.com/v7.0/products?bigIds=C242DV9JQD3W,C374DZ0SCT26,BR2N2CK65HJ7,BZMCVGQK6MLN,BS8XGCLL3VQZ,BZ0BQ8CSBJ6H,C153K73FMKJH,BSQZ03S3RV54,BSC9DFLVJK69,BW1V96V2X5XB,BNKP5MC8KZWP,C0R9ZNLQ9F0W,C0QB90JXN0TF,BPSLCP7Q6V2Z,BT8CSKSR2L49,BSZM480TSWGP,C0JF4GKTQRMT,BRW49CBS558D,BQSB9CXNFQ9Q,BVQ3FL3201P8&market=BR&languages=pt-br&MS-CV=DGU1mcuYo0WMMp+F.1
https://displaycatalog.mp.microsoft.com/v7.0/products?bigIds=C2TKN8H27M78,BT2F8LHH10GS,BW9M9JCMKQV8,BPR2TBS2KMQJ,BT5397FJ3KTW,BWMQL2RPWBHB,BQDVBCS5Z4N1,BV8C35XSMJMK,BWWQQPX5HX1C,BP0JKGVDHHFD,C27H5T4HD4WW,BP8WDV3T37N7,BQPZGCHPFPV6,BSR5BPN8NMMJ,BPGQ2Z4JSFHB,9P8WMQ1S4TF9,9PD47LC6QC5N,9N1CS194W1Q6,9NFRN3NDXR2D,9PCQ015KJX58&market=BR&languages=pt-br&MS-CV=DGU1mcuYo0WMMp+F.1
https://displaycatalog.mp.microsoft.com/v7.0/products?bigIds=C3553MB4P5TT,BNZDGM7WJWGJ,BWTR8ZCRND20,9PLDZNHSLR4C,9P236GP3KTVH,BSCSRTX27ZH3,9NNTSPSC35ZB,BSXH8LSGZT23,BR64DHW9XK6B,BVWPHR3TVQ6F,BZM82SL2TP6V,BPPFWJZ0QTV2,C348248BJZCQ,C52K72Q65KGK,BX7XFZ51XTW8,C5D7449R6SDR,BSQLNP8TV73X,BRJK2LH5R6WV,BR07QWGDPPL1,C535G04WLZ9R&market=BR&languages=pt-br&MS-CV=DGU1mcuYo0WMMp+F.1
https://displaycatalog.mp.microsoft.com/v7.0/products?bigIds=C3BVG9LGGV75,BT6C28BZM5JX,BPLQD16T5ZTV,C4K9SQC799ZG,9NG07QJNK38J,9P6QRRZQKPCM,C4HFHZ44Z3R3,BZWTTXFKTS3N,BS7F51G3DP8R,BVQ3V30ZXVT5,C01Z9J8S9BJP,BPCL0TXCGJ1W,BTGZWQCD01JC,BRJGPRMBV1NT,C24T2MRDBB3W,BXHG2GX28L23,9PG26DBX43L1,BX3M8L83BBRW,9PDV8FKWP3B4,C07KJZRH0L7S&market=BR&languages=pt-br&MS-CV=DGU1mcuYo0WMMp+F.1
https://displaycatalog.mp.microsoft.com/v7.0/products?bigIds=C3FK18TN91JD,BX3S1Q5DVHRD,BXZG8RW2ZMNC,BNF5Q9ZSD84Z,9P2N57MC619K,C0QDQ0KX4HDV,BWMB1BF5D69N,9NBLGGH4PBBM,C2S98G1ZC8HS,9NM92WGGVMT6,9NDKCCHCQ6SX,9NDSG092LDKP,9PGX81GR67CZ,9NPKFN7M233T,9P7XX5LQN0ZD,9NSL68D814GC,9P9K78101LCW,C09LFD39HKLW,BTQ96QTQ58F3,C4X7FCGX1NRM&market=BR&languages=pt-br&MS-CV=DGU1mcuYo0WMMp+F.1
https://displaycatalog.mp.microsoft.com/v7.0/products?bigIds=C3GDK9QKWLRD,BVK1LRW59L64,C2QDBJVVLVLX,9PM1HTWKBR83,BT8SGJJG7D22,BWBS3291305L,9P5X7892QPDL,C3LNP2Q4422J,9N584LPFG1GM,9P3R29Q9VK8F,BWHK1713PW2L,BSMG6RBZH4LQ,9N17CM38WNN8,C48XJRK40VC4,BSMTPPDTN966,BVG6N37LFL8M,BSWKX5K46W7M,9P2Z085BXSXD,BWB89BB14C5H,BR74RLMH966K&market=BR&languages=pt-br&MS-CV=DGU1mcuYo0WMMp+F.1
https://displaycatalog.mp.microsoft.com/v7.0/products?bigIds=C3H56C11VWHM,BSB132ZQVWZM,BTG951RGX7QD,9NFJBW6B6D78,BV02TBL15DX3,C308TKBJMZ8W,C4B4K16TJG7Z,C0XBNVR137DZ,9P4D0K92BM7V,BPBWQZRC5JGG,BSS424N935KS,BRKVPTHJW525,9NBLGGH42XC3,C4C2Q9BC2W28,C1Q14RM5224Q,9P3XSG3180NT,C09XZ31GMN2N,BQ765BPQ7JGL,C07NM31J7HLP,9N8LSNMV8HB4&market=BR&languages=pt-br&MS-CV=DGU1mcuYo0WMMp+F.1
https://displaycatalog.mp.microsoft.com/v7.0/products?bigIds=C3HNL83BXGZ3,BWG6LFT5QDR3,BP79KKVGDDH1,C01MSK2X5HPQ,C35H9BGPTFLG,C1JKCSRT3XCN,C5828HS8K39D,9NX14Q0QZD1T,C20HL06X0V8W,BXFP2QC134V7,BRH0DMXL6MR5,C4MSTXCKBXGL,BZKMXC4MVHJF,BTB16H9WG3JT,BVJDZWS270F7,9NJPT63K27W8,BVVP3LXMLP85,C4TS3RK0KDRJ,BV9X47B38W0M,C2XTSV7BJLS9&market=BR&languages=pt-br&MS-CV=DGU1mcuYo0WMMp+F.1
https://displaycatalog.mp.microsoft.com/v7.0/products?bigIds=C3L6F8GL5LJK,BXKLDP56HFGZ,BRJB0RMH33T2,BVT0L7DZJ5VC,BP0D0CXNR435,BP1GZS0Z6G58,9NLQTDKD0PMT,9P4F8NBPVDNH,C48PP1NS6ZNP,9N7RB1X6FKM4,BZVK6GF5MGXS,BX89DK9KLJ89,9NDPG3DNQH5J,BQD7NTQP0CD9,BX8HV1B694PC,BVTFP7L3CVL8,BPNSJSZCRPPF,BZTZV149BZ44,9P4Z4TW66LPV,9NCJR504WXT0&market=BR&languages=pt-br&MS-CV=DGU1mcuYo0WMMp+F.1
https://displaycatalog.mp.microsoft.com/v7.0/products?bigIds=C4Q29CMJ31NX,C0FZNGPNQQRQ,BPBKTSC16MWT,BSZ576R612B0,9NHKL695M9F2,9P5C81K094KW,9N2S04LGXXH4,BPBC39LH0Q9B,BQ9Q620NC614,9NZL91Q08XRV,BWD88K55MK5W,BTFM6JRRSSTM,BWNN9M15W9V9,C4DQHRNN1ZN5,9NRPPQHL2MZM,BZB4S8FS8T5B,C493V31WXV80,C3KR2LLCJM25,9NKJBN2RMQXB,BVJ6MPFR35NS&market=BR&languages=pt-br&MS-CV=DGU1mcuYo0WMMp+F.1
https://displaycatalog.mp.microsoft.com/v7.0/products?bigIds=C4Q7K19Q0VBZ,BZJ43GK4L0JC,BTDFLRTVJWVP,9NT9R76CMJ4S,9NZP7NKR2QWG,9PKXGL2GD008,9NMBJQ0265ZK,BWM6WTKKGQLC,BZRB09RQK88P,BQQ348B7RGXG,BR3TMVZ9PNWZ,C4F7ZHLN6B2J,9N0102B834ZM,9MXMJFNZMVWD,9NKJ0F4RFK88,9NS86BQ33SPX,C54H8FDKTJPG,BQSC9GDBDF0V,BQ7NMRJT1NQ4,BWTTW53M5B98&market=BR&languages=pt-br&MS-CV=DGU1mcuYo0WMMp+F.1
https://displaycatalog.mp.microsoft.com/v7.0/products?bigIds=C5B4KP2NSCLB,BVPXC5S3574J,BSK1GN27RB8R,C24DMFCJKDH2,BSBTJM430VVR,BWH56DK175P1,9P7QSN91WN52,BWSWK2R1RLQK,9PP08D2JHGQ9,C0PZ78D0KK12,BTJPC1C99FS4,9NVHRQGS3PKX,BPM4P4N6V42H,BNRQTVVRPX3D,BQQ0NFPC23TJ,BXDRXW171WMG,BRHTR6ZW2QT2,9PCCHXV95L26,9PN5LWP13H12,9NNSD6LB97WJ&market=BR&languages=pt-br&MS-CV=DGU1mcuYo0WMMp+F.1
https://displaycatalog.mp.microsoft.com/v7.0/products?bigIds=C5GDG0CQ99RJ,BQ0T326DSPLQ,BSRXXBC5L1BV,BQCLQ73MFGJ8,9PCDNBHR11MR,C5CZ41LM1DLM,BP021F0PG0D4,9PCKBVF3P67H,BS4R9GLTJBRL,C3LF9PCRP9RP,BNZ2TD4Q2PVD,BW0D9LH9GG6D,9P4D41K02WB8,BQT2R5FK3P7R,9NQ87FZ67JZM,BPH82WMZ6W7N,9NBL0XKVCN5L,9WZDNCRDBV2N,9N7PL7D5CDJ8,BRMFLRV79C3H&market=BR&languages=pt-br&MS-CV=DGU1mcuYo0WMMp+F.1
